Workbook
Name Slicer_clinic_id: #N/A
Name Slicer_payer_name: #N/A

Sheet Dashboard
A1: Payer Underpayment Analysis
A3: Paid claims | B3: =COUNTIF(Claims!M:M,"Paid") -> 4321
A4: Expected payment | B4: =SUMIFS(Claims!S:S,Claims!M:M,"Paid") -> 2968252.8
A5: Allowed amount | B5: =SUMIFS(Claims!J:J,Claims!M:M,"Paid") -> 2966855.9
A6: underpaid claims | B6: =COUNTIF(Claims!U:U,"Underpaid") -> 1459
A7: underpaid $ | B7: =SUMIFS(Claims!T:T,Claims!U:U,"Underpaid") -> 107894.87
A8: Underpaid rate | B8: =B6/B3 -> 0.33765332
A9: Avg underpayment/claim | B9: =B7/B6 -> 73.951247
A10: Revenue Leakage | B10: =B7/B4 -> 0.036349623
A11: Top underpaying payer | B11: =Pivot_Payer!A4 -> Summit Health Commercial

Sheet Payers
A1: payer_id | B1: payer_name | C1: payer_type | D1: avg_contract_days_to_pay
A2: P01 | B2: Blue Horizon Commercial | C2: Commercial | D2: 28
A3: P02 | B3: Summit Health Commercial | C3: Commercial | D3: 32
A4: P03 | B4: Keystone Commercial PPO | C4: Commercial | D4: 45
A5: P04 | B5: Medicare Part B | C5: Medicare | D5: 18
A6: P05 | B6: Sunshine Medicare Advantage | C6: Medicare Advantage | D6: 52
A7: P06 | B7: Florida Medicaid | C7: Medicaid | D7: 40
A8: P07 | B8: Coastal Medicaid MCO | C8: Medicaid Managed Care | D8: 61
A9: P08 | B9: Self-Pay | C9: Self-Pay | D9: 75

Sheet Contract
A1: payer_id | B1: contract_rate
A2: P01 | B2: 0.45
A3: P02 | B3: 0.43
A4: P03 | B4: 0.47
A5: P04 | B5: 0.36
A6: P05 | B6: 0.38
A7: P06 | B7: 0.27
A8: P07 | B8: 0.28
A9: P08 | B9: 1

Sheet CPT
A1: cpt_code | B1: description | C1: service_category | D1: standard_charge
A2: 99213 | B2: Office visit, established, low | C2: E/M | D2: 145
A3: 99214 | B3: Office visit, established, moderate | C3: E/M | D3: 210
A4: 99204 | B4: Office visit, new, moderate | C4: E/M | D4: 260
A5: 97110 | B5: Therapeutic exercise, 15 min | C5: Therapy | D5: 62
A6: 97140 | B6: Manual therapy, 15 min | C6: Therapy | D6: 58
A7: 72148 | B7: MRI lumbar spine w/o contrast | C7: Imaging | D7: 1150
A8: 73721 | B8: MRI knee w/o contrast | C8: Imaging | D8: 1050
A9: 20610 | B9: Joint injection, major joint | C9: Procedure | D9: 240
A10: J0702 | B10: Betamethasone injection, 3 mg | C10: Drug | D10: 38
A11: J1745 | B11: Infliximab injection, 10 mg | C11: Specialty Drug | D11: 1450
A12: 96413 | B12: Chemo/infusion admin, first hour | C12: Infusion | D12: 420
A13: 29881 | B13: Knee arthroscopy w/ meniscectomy | C13: Surgery | D13: 4800

Sheet Pivot_Payer
A1: underpaid_flag | B1: Underpaid
A3: Row Labels | B3: Count of claim_id | C3: Sum of variance
A4: Summit Health Commercial | B4: 315 | C4: 33646.42
A5: Blue Horizon Commercial | B5: 376 | C5: 29896.08
A6: Medicare Part B | B6: 259 | C6: 14184.74
A7: Keystone Commercial PPO | B7: 134 | C7: 11666.13
A8: Sunshine Medicare Advantage | B8: 152 | C8: 10661.95
A9: Florida Medicaid | B9: 115 | C9: 4975.75
A10: Coastal Medicaid MCO | B10: 108 | C10: 2863.8
A11: Grand Total | B11: 1459 | C11: 107894.87

Sheet Pivot_CPT
A1: underpaid_flag | B1: Underpaid
A3: Row Labels | B3: Count of claim_id | C3: Sum of variance
A4: J1745 | B4: 80 | C4: 80360.04
A5: 29881 | B5: 66 | C5: 12568.72
A6: 72148 | B6: 68 | C6: 3310.94
A7: 73721 | B7: 68 | C7: 2750.84
A8: 99214 | B8: 288 | C8: 2628.25
A9: 99204 | B9: 179 | C9: 1896.08
A10: 96413 | B10: 75 | C10: 1396.71
A11: 99213 | B11: 179 | C11: 1048.29
A12: 20610 | B12: 69 | C12: 661.43
A13: 97110 | B13: 91 | C13: 517.97
A14: 97140 | B14: 86 | C14: 424.72
A15: J0702 | B15: 210 | C15: 330.88
A16: Grand Total | B16: 1459 | C16: 107894.87

Sheet Pivot_month
A1: underpaid_flag | B1: Underpaid
A3: Row Labels | B3: Count of claim_id | C3: Sum of variance
A4: 2025-10 | B4: 135 | C4: 10659.51
A5: 2025-11 | B5: 133 | C5: 4071.76
A6: 2025-12 | B6: 137 | C6: 11882.73
A7: 2026-01 | B7: 117 | C7: 6135.12
A8: 2026-02 | B8: 141 | C8: 11018.49
A9: 2026-03 | B9: 127 | C9: 4128.73
A10: 2026-04 | B10: 153 | C10: 13326.04
A11: 2026-05 | B11: 150 | C11: 13628.07
A12: 2026-06 | B12: 136 | C12: 16236.24
A13: 2026-07 | B13: 125 | C13: 8490.67
A14: 2026-08 | B14: 92 | C14: 7903.16
A15: 2026-09 | B15: 13 | C15: 414.35
A16: Grand Total | B16: 1459 | C16: 107894.87

Sheet Claims
A1: claim_id | B1: patient_id | C1: payer_id | D1: clinic_id | E1: cpt_code | F1: units | G1: service_date | H1: submit_date | I1: billed_amount | J1: allowed_amount | K1: paid_amount | L1: patient_responsibility | M1: claim_status | N1: denial_carc | O1: adjudication_date | P1: paid_date | Q1: std_charge | R1: contract_rate | S1: expected_payment | T1: variance | U1: underpaid_flag | V1: payer_name | W1: service_month
A2: CLM100001 | B2: PT10383 | C2: P05 | D2: C02 | E2: 99213 | F2: 1 | G2: 46056 | H2: 46062 | I2: 142.59 | J2: 61.2 | K2: 61.2 | L2: 0 | M2: Paid | O2: 46127 | P2: 46127 | Q2: =_xlfn.XLOOKUP(E2,CPT!$A$2:$A$13,CPT!$D$2:$D$13) -> 145 | R2: =_xlfn.XLOOKUP(C2,Contract!$A$2:$A$9,Contract!$B$2:$B$9) -> 0.38 | S2: =ROUND(Q2*F2*R2,2) -> 55.1 | T2: =IF(M2="Paid",S2-J2,"") -> -6.1 | U2: =IF(M2<>"Paid","",IF(T2>S2*0.05,"Underpaid","OK")) -> OK | V2: =_xlfn.XLOOKUP(C2,Payers!$A$2:$A$9,Payers!$B$2:$B$9) -> Sunshine Medicare Advantage | W2: =TEXT(G2,"yyyy-mm") -> 2026-02
A3: CLM100002 | B3: PT13315 | C3: P04 | D3: C01 | E3: 20610 | F3: 1 | G3: 46218 | H3: 46223 | I3: 235.66 | J3: 77.46 | K3: 69.71 | L3: 7.75 | M3: Paid | O3: 46243 | P3: 46243 | Q3: =_xlfn.XLOOKUP(E3,CPT!$A$2:$A$13,CPT!$D$2:$D$13) -> 240 | R3: =_xlfn.XLOOKUP(C3,Contract!$A$2:$A$9,Contract!$B$2:$B$9) -> 0.36 | S3: =ROUND(Q3*F3*R3,2) -> 86.4 | T3: =IF(M3="Paid",S3-J3,"") -> 8.94 | U3: =IF(M3<>"Paid","",IF(T3>S3*0.05,"Underpaid","OK")) -> Underpaid | V3: =_xlfn.XLOOKUP(C3,Payers!$A$2:$A$9,Payers!$B$2:$B$9) -> Medicare Part B | W3: =TEXT(G3,"yyyy-mm") -> 2026-07
A4: CLM100003 | B4: PT12988 | C4: P05 | D4: C04 | E4: 97110 | F4: 1 | G4: 46105 | H4: 46118 | I4: 60.72 | M4: Denied | N4: CO-16 | O4: 46147 | Q4: =_xlfn.XLOOKUP(E4,CPT!$A$2:$A$13,CPT!$D$2:$D$13) -> 62 | R4: =_xlfn.XLOOKUP(C4,Contract!$A$2:$A$9,Contract!$B$2:$B$9) -> 0.38 | S4: =ROUND(Q4*F4*R4,2) -> 23.56 | T4: =IF(M4="Paid",S4-J4,"") | U4: =IF(M4<>"Paid","",IF(T4>S4*0.05,"Underpaid","OK")) | V4: =_xlfn.XLOOKUP(C4,Payers!$A$2:$A$9,Payers!$B$2:$B$9) -> Sunshine Medicare Advantage | W4: =TEXT(G4,"yyyy-mm") -> 2026-03
A5: CLM100005 | B5: PT12745 | C5: P06 | D5: C03 | E5: J1745 | F5: 30 | G5: 45982 | H5: 45987 | I5: 42920.51 | J5: 11120.5 | K5: 11120.5 | L5: 0 | M5: Paid | O5: 46013 | P5: 46013 | Q5: =_xlfn.XLOOKUP(E5,CPT!$A$2:$A$13,CPT!$D$2:$D$13) -> 1450 | R5: =_xlfn.XLOOKUP(C5,Contract!$A$2:$A$9,Contract!$B$2:$B$9) -> 0.27 | S5: =ROUND(Q5*F5*R5,2) -> 11745 | T5: =IF(M5="Paid",S5-J5,"") -> 624.5 | U5: =IF(M5<>"Paid","",IF(T5>S5*0.05,"Underpaid","OK")) -> Underpaid | V5: =_xlfn.XLOOKUP(C5,Payers!$A$2:$A$9,Payers!$B$2:$B$9) -> Florida Medicaid | W5: =TEXT(G5,"yyyy-mm") -> 2025-11
A6: CLM100006 | B6: PT12804 | C6: P04 | D6: C01 | E6: J0702 | F6: 1 | G6: 46242 | H6: 46246 | I6: 38.31 | J6: 13.63 | K6: 13.63 | L6: 0 | M6: Paid | O6: 46262 | P6: 46262 | Q6: =_xlfn.XLOOKUP(E6,CPT!$A$2:$A$13,CPT!$D$2:$D$13) -> 38 | R6: =_xlfn.XLOOKUP(C6,Contract!$A$2:$A$9,Contract!$B$2:$B$9) -> 0.36 | S6: =ROUND(Q6*F6*R6,2) -> 13.68 | T6: =IF(M6="Paid",S6-J6,"") -> 0.05 | U6: =IF(M6<>"Paid","",IF(T6>S6*0.05,"Underpaid","OK")) -> OK | V6: =_xlfn.XLOOKUP(C6,Payers!$A$2:$A$9,Payers!$B$2:$B$9) -> Medicare Part B | W6: =TEXT(G6,"yyyy-mm") -> 2026-08
A7: CLM100007 | B7: PT10870 | C7: P05 | D7: C01 | E7: 29881 | F7: 1 | G7: 46048 | H7: 46055 | I7: 4892.68 | J7: 1618.87 | K7: 1456.98 | L7: 161.89 | M7: Paid | O7: 46142 | P7: 46142 | Q7: =_xlfn.XLOOKUP(E7,CPT!$A$2:$A$13,CPT!$D$2:$D$13) -> 4800 | R7: =_xlfn.XLOOKUP(C7,Contract!$A$2:$A$9,Contract!$B$2:$B$9) -> 0.38 | S7: =ROUND(Q7*F7*R7,2) -> 1824 | T7: =IF(M7="Paid",S7-J7,"") -> 205.13 | U7: =IF(M7<>"Paid","",IF(T7>S7*0.05,"Underpaid","OK")) -> Underpaid | V7: =_xlfn.XLOOKUP(C7,Payers!$A$2:$A$9,Payers!$B$2:$B$9) -> Sunshine Medicare Advantage | W7: =TEXT(G7,"yyyy-mm") -> 2026-01
A8: CLM100008 | B8: PT11635 | C8: P07 | D8: C03 | E8: 96413 | F8: 1 | G8: 46260 | H8: 46262 | I8: 418.96 | M8: Denied | N8: CO-50 | O8: 46289 | Q8: =_xlfn.XLOOKUP(E8,CPT!$A$2:$A$13,CPT!$D$2:$D$13) -> 420 | R8: =_xlfn.XLOOKUP(C8,Contract!$A$2:$A$9,Contract!$B$2:$B$9) -> 0.28 | S8: =ROUND(Q8*F8*R8,2) -> 117.6 | T8: =IF(M8="Paid",S8-J8,"") | U8: =IF(M8<>"Paid","",IF(T8>S8*0.05,"Underpaid","OK")) | V8: =_xlfn.XLOOKUP(C8,Payers!$A$2:$A$9,Payers!$B$2:$B$9) -> Coastal Medicaid MCO | W8: =TEXT(G8,"yyyy-mm") -> 2026-08
A9: CLM100009 | B9: PT11563 | C9: P03 | D9: C04 | E9: 97110 | F9: 1 | G9: 45977 | H9: 45978 | I9: 63.34 | J9: 30.83 | K9: 24.66 | L9: 6.17 | M9: Paid | O9: 46008 | P9: 46008 | Q9: =_xlfn.XLOOKUP(E9,CPT!$A$2:$A$13,CPT!$D$2:$D$13) -> 62 | R9: =_xlfn.XLOOKUP(C9,Contract!$A$2:$A$9,Contract!$B$2:$B$9) -> 0.47 | S9: =ROUND(Q9*F9*R9,2) -> 29.14 | T9: =IF(M9="Paid",S9-J9,"") -> -1.69 | U9: =IF(M9<>"Paid","",IF(T9>S9*0.05,"Underpaid","OK")) -> OK | V9: =_xlfn.XLOOKUP(C9,Payers!$A$2:$A$9,Payers!$B$2:$B$9) -> Keystone Commercial PPO | W9: =TEXT(G9,"yyyy-mm") -> 2025-11
A10: CLM100010 | B10: PT10456 | C10: P04 | D10: C02 | E10: J0702 | F10: 1 | G10: 46214 | H10: 46215 | I10: 38.82 | J10: 14.77 | K10: 13.29 | L10: 1.48 | M10: Paid | O10: 46228 | P10: 46228 | Q10: =_xlfn.XLOOKUP(E10,CPT!$A$2:$A$13,CPT!$D$2:$D$13) -> 38 | R10: =_xlfn.XLOOKUP(C10,Contract!$A$2:$A$9,Contract!$B$2:$B$9) -> 0.36 | S10: =ROUND(Q10*F10*R10,2) -> 13.68 | T10: =IF(M10="Paid",S10-J10,"") -> -1.09 | U10: =IF(M10<>"Paid","",IF(T10>S10*0.05,"Underpaid","OK")) -> OK | V10: =_xlfn.XLOOKUP(C10,Payers!$A$2:$A$9,Payers!$B$2:$B$9) -> Medicare Part B | W10: =TEXT(G10,"yyyy-mm") -> 2026-07
A11: CLM100011 | B11: PT13447 | C11: P03 | D11: C01 | E11: 99214 | F11: 1 | G11: 46065 | H11: 46071 | I11: 215.95 | J11: 89.54 | K11: 80.59 | L11: 8.95 | M11: Paid | O11: 46113 | P11: 46113 | Q11: =_xlfn.XLOOKUP(E11,CPT!$A$2:$A$13,CPT!$D$2:$D$13) -> 210 | R11: =_xlfn.XLOOKUP(C11,Contract!$A$2:$A$9,Contract!$B$2:$B$9) -> 0.47 | S11: =ROUND(Q11*F11*R11,2) -> 98.7 | T11: =IF(M11="Paid",S11-J11,"") -> 9.16 | U11: =IF(M11<>"Paid","",IF(T11>S11*0.05,"Underpaid","OK")) -> Underpaid | V11: =_xlfn.XLOOKUP(C11,Payers!$A$2:$A$9,Payers!$B$2:$B$9) -> Keystone Commercial PPO | W11: =TEXT(G11,"yyyy-mm") -> 2026-02
A12: CLM100012 | B12: PT13406 | C12: P01 | D12: C02 | E12: 99214 | F12: 1 | G12: 46013 | H12: 46020 | I12: 210.5 | J12: 80.01 | K12: 72.01 | L12: 8 | M12: Paid | O12: 46047 | P12: 46047 | Q12: =_xlfn.XLOOKUP(E12,CPT!$A$2:$A$13,CPT!$D$2:$D$13) -> 210 | R12: =_xlfn.XLOOKUP(C12,Contract!$A$2:$A$9,Contract!$B$2:$B$9) -> 0.45 | S12: =ROUND(Q12*F12*R12,2) -> 94.5 | T12: =IF(M12="Paid",S12-J12,"") -> 14.49 | U12: =IF(M12<>"Paid","",IF(T12>S12*0.05,"Underpaid","OK")) -> Underpaid | V12: =_xlfn.XLOOKUP(C12,Payers!$A$2:$A$9,Payers!$B$2:$B$9) -> Blue Horizon Commercial | W12: =TEXT(G12,"yyyy-mm") -> 2025-12
A13: CLM100014 | B13: PT12920 | C13: P04 | D13: C03 | E13: J1745 | F13: 10 | G13: 46212 | H13: 46221 | I13: 14295.6 | J13: 4684.97 | K13: 4684.97 | L13: 0 | M13: Paid | O13: 46239 | P13: 46239 | Q13: =_xlfn.XLOOKUP(E13,CPT!$A$2:$A$13,CPT!$D$2:$D$13) -> 1450 | R13: =_xlfn.XLOOKUP(C13,Contract!$A$2:$A$9,Contract!$B$2:$B$9) -> 0.36 | S13: =ROUND(Q13*F13*R13,2) -> 5220 | T13: =IF(M13="Paid",S13-J13,"") -> 535.03 | U13: =IF(M13<>"Paid","",IF(T13>S13*0.05,"Underpaid","OK")) -> Underpaid | V13: =_xlfn.XLOOKUP(C13,Payers!$A$2:$A$9,Payers!$B$2:$B$9) -> Medicare Part B | W13: =TEXT(G13,"yyyy-mm") -> 2026-07
A14: CLM100015 | B14: PT10029 | C14: P04 | D14: C01 | E14: J0702 | F14: 1 | G14: 46155 | H14: 46158 | I14: 38.91 | J14: 12.11 | K14: 12.11 | L14: 0 | M14: Paid | O14: 46182 | P14: 46182 | Q14: =_xlfn.XLOOKUP(E14,CPT!$A$2:$A$13,CPT!$D$2:$D$13) -> 38 | R14: =_xlfn.XLOOKUP(C14,Contract!$A$2:$A$9,Contract!$B$2:$B$9) -> 0.36 | S14: =ROUND(Q14*F14*R14,2) -> 13.68 | T14: =IF(M14="Paid",S14-J14,"") -> 1.57 | U14: =IF(M14<>"Paid","",IF(T14>S14*0.05,"Underpaid","OK")) -> Underpaid | V14: =_xlfn.XLOOKUP(C14,Payers!$A$2:$A$9,Payers!$B$2:$B$9) -> Medicare Part B | W14: =TEXT(G14,"yyyy-mm") -> 2026-05
A15: CLM100016 | B15: PT10877 | C15: P01 | D15: C01 | E15: J0702 | F15: 1 | G15: 45965 | H15: 45973 | I15: 38.92 | M15: Denied | N15: CO-16 | O15: 46002 | Q15: =_xlfn.XLOOKUP(E15,CPT!$A$2:$A$13,CPT!$D$2:$D$13) -> 38 | R15: =_xlfn.XLOOKUP(C15,Contract!$A$2:$A$9,Contract!$B$2:$B$9) -> 0.45 | S15: =ROUND(Q15*F15*R15,2) -> 17.1 | T15: =IF(M15="Paid",S15-J15,"") | U15: =IF(M15<>"Paid","",IF(T15>S15*0.05,"Underpaid","OK")) | V15: =_xlfn.XLOOKUP(C15,Payers!$A$2:$A$9,Payers!$B$2:$B$9) -> Blue Horizon Commercial | W15: =TEXT(G15,"yyyy-mm") -> 2025-11
A16: CLM100017 | B16: PT13279 | C16: P01 | D16: C04 | E16: 97110 | F16: 2 | G16: 46268 | H16: 46271 | I16: 122.92 | M16: Pending | Q16: =_xlfn.XLOOKUP(E16,CPT!$A$2:$A$13,CPT!$D$2:$D$13) -> 62 | R16: =_xlfn.XLOOKUP(C16,Contract!$A$2:$A$9,Contract!$B$2:$B$9) -> 0.45 | S16: =ROUND(Q16*F16*R16,2) -> 55.8 | T16: =IF(M16="Paid",S16-J16,"") | U16: =IF(M16<>"Paid","",IF(T16>S16*0.05,"Underpaid","OK")) | V16: =_xlfn.XLOOKUP(C16,Payers!$A$2:$A$9,Payers!$B$2:$B$9) -> Blue Horizon Commercial | W16: =TEXT(G16,"yyyy-mm") -> 2026-09
A17: CLM100018 | B17: PT10207 | C17: P01 | D17: C04 | E17: 97110 | F17: 2 | G17: 46205 | H17: 46206 | I17: 121.32 | J17: 47.38 | K17: 47.38 | L17: 0 | M17: Paid | O17: 46239 | P17: 46239 | Q17: =_xlfn.XLOOKUP(E17,CPT!$A$2:$A$13,CPT!$D$2:$D$13) -> 62 | R17: =_xlfn.XLOOKUP(C17,Contract!$A$2:$A$9,Contract!$B$2:$B$9) -> 0.45 | S17: =ROUND(Q17*F17*R17,2) -> 55.8 | T17: =IF(M17="Paid",S17-J17,"") -> 8.42 | U17: =IF(M17<>"Paid","",IF(T17>S17*0.05,"Underpaid","OK")) -> Underpaid | V17: =_xlfn.XLOOKUP(C17,Payers!$A$2:$A$9,Payers!$B$2:$B$9) -> Blue Horizon Commercial | W17: =TEXT(G17,"yyyy-mm") -> 2026-07
A18: CLM100019 | B18: PT10674 | C18: P06 | D18: C03 | E18: 99214 | F18: 1 | G18: 45978 | H18: 45986 | I18: 215.37 | J18: 57.89 | K18: 57.89 | L18: 0 | M18: Paid | O18: 46028 | P18: 46028 | Q18: =_xlfn.XLOOKUP(E18,CPT!$A$2:$A$13,CPT!$D$2:$D$13) -> 210 | R18: =_xlfn.XLOOKUP(C18,Contract!$A$2:$A$9,Contract!$B$2:$B$9) -> 0.27 | S18: =ROUND(Q18*F18*R18,2) -> 56.7 | T18: =IF(M18="Paid",S18-J18,"") -> -1.19 | U18: =IF(M18<>"Paid","",IF(T18>S18*0.05,"Underpaid","OK")) -> OK | V18: =_xlfn.XLOOKUP(C18,Payers!$A$2:$A$9,Payers!$B$2:$B$9) -> Florida Medicaid | W18: =TEXT(G18,"yyyy-mm") -> 2025-11
A19: CLM100020 | B19: PT10634 | C19: P02 | D19: C02 | E19: J0702 | F19: 1 | G19: 46163 | H19: 46168 | I19: 37.51 | J19: 17.45 | K19: 13.96 | L19: 3.49 | M19: Paid | O19: 46209 | P19: 46209 | Q19: =_xlfn.XLOOKUP(E19,CPT!$A$2:$A$13,CPT!$D$2:$D$13) -> 38 | R19: =_xlfn.XLOOKUP(C19,Contract!$A$2:$A$9,Contract!$B$2:$B$9) -> 0.43 | S19: =ROUND(Q19*F19*R19,2) -> 16.34 | T19: =IF(M19="Paid",S19-J19,"") -> -1.11 | U19: =IF(M19<>"Paid","",IF(T19>S19*0.05,"Underpaid","OK")) -> OK | V19: =_xlfn.XLOOKUP(C19,Payers!$A$2:$A$9,Payers!$B$2:$B$9) -> Summit Health Commercial | W19: =TEXT(G19,"yyyy-mm") -> 2026-05
A20: CLM100021 | B20: PT13492 | C20: P08 | D20: C01 | E20: 99214 | F20: 1 | G20: 46227 | H20: 46228 | I20: 212.97 | M20: Pending | Q20: =_xlfn.XLOOKUP(E20,CPT!$A$2:$A$13,CPT!$D$2:$D$13) -> 210 | R20: =_xlfn.XLOOKUP(C20,Contract!$A$2:$A$9,Contract!$B$2:$B$9) -> 1 | S20: =ROUND(Q20*F20*R20,2) -> 210 | T20: =IF(M20="Paid",S20-J20,"") | U20: =IF(M20<>"Paid","",IF(T20>S20*0.05,"Underpaid","OK")) | V20: =_xlfn.XLOOKUP(C20,Payers!$A$2:$A$9,Payers!$B$2:$B$9) -> Self-Pay | W20: =TEXT(G20,"yyyy-mm") -> 2026-07
A21: CLM100022 | B21: PT11653 | C21: P08 | D21: C02 | E21: 99213 | F21: 1 | G21: 45972 | H21: 45973 | I21: 148.06 | J21: 148.06 | K21: 148.06 | L21: 0 | M21: Paid | O21: 46055 | P21: 46055 | Q21: =_xlfn.XLOOKUP(E21,CPT!$A$2:$A$13,CPT!$D$2:$D$13) -> 145 | R21: =_xlfn.XLOOKUP(C21,Contract!$A$2:$A$9,Contract!$B$2:$B$9) -> 1 | S21: =ROUND(Q21*F21*R21,2) -> 145 | T21: =IF(M21="Paid",S21-J21,"") -> -3.06 | U21: =IF(M21<>"Paid","",IF(T21>S21*0.05,"Underpaid","OK")) -> OK | V21: =_xlfn.XLOOKUP(C21,Payers!$A$2:$A$9,Payers!$B$2:$B$9) -> Self-Pay | W21: =TEXT(G21,"yyyy-mm") -> 2025-11
A22: CLM100023 | B22: PT10977 | C22: P02 | D22: C01 | E22: 20610 | F22: 1 | G22: 46235 | H22: 46236 | I22: 233.37 | J22: 101.79 | K22: 91.61 | L22: 10.18 | M22: Paid | O22: 46264 | P22: 46264 | Q22: =_xlfn.XLOOKUP(E22,CPT!$A$2:$A$13,CPT!$D$2:$D$13) -> 240 | R22: =_xlfn.XLOOKUP(C22,Contract!$A$2:$A$9,Contract!$B$2:$B$9) -> 0.43 | S22: =ROUND(Q22*F22*R22,2) -> 103.2 | T22: =IF(M22="Paid",S22-J22,"") -> 1.41 | U22: =IF(M22<>"Paid","",IF(T22>S22*0.05,"Underpaid","OK")) -> OK | V22: =_xlfn.XLOOKUP(C22,Payers!$A$2:$A$9,Payers!$B$2:$B$9) -> Summit Health Commercial | W22: =TEXT(G22,"yyyy-mm") -> 2026-08
A23: CLM100024 | B23: PT10300 | C23: P05 | D23: C01 | E23: 99214 | F23: 1 | G23: 46084 | H23: 46095 | I23: 209.46 | J23: 67.89 | K23: 67.89 | L23: 0 | M23: Paid | O23: 46158 | P23: 46158 | Q23: =_xlfn.XLOOKUP(E23,CPT!$A$2:$A$13,CPT!$D$2:$D$13) -> 210 | R23: =_xlfn.XLOOKUP(C23,Contract!$A$2:$A$9,Contract!$B$2:$B$9) -> 0.38 | S23: =ROUND(Q23*F23*R23,2) -> 79.8 | T23: =IF(M23="Paid",S23-J23,"") -> 11.91 | U23: =IF(M23<>"Paid","",IF(T23>S23*0.05,"Underpaid","OK")) -> Underpaid | V23: =_xlfn.XLOOKUP(C23,Payers!$A$2:$A$9,Payers!$B$2:$B$9) -> Sunshine Medicare Advantage | W23: =TEXT(G23,"yyyy-mm") -> 2026-03
A24: CLM100025 | B24: PT12735 | C24: P01 | D24: C02 | E24: 99204 | F24: 1 | G24: 46109 | H24: 46118 | I24: 265.94 | J24: 106.93 | K24: 106.93 | L24: 0 | M24: Paid | O24: 46152 | P24: 46152 | Q24: =_xlfn.XLOOKUP(E24,CPT!$A$2:$A$13,CPT!$D$2:$D$13) -> 260 | R24: =_xlfn.XLOOKUP(C24,Contract!$A$2:$A$9,Contract!$B$2:$B$9) -> 0.45 | S24: =ROUND(Q24*F24*R24,2) -> 117 | T24: =IF(M24="Paid",S24-J24,"") -> 10.07 | U24: =IF(M24<>"Paid","",IF(T24>S24*0.05,"Underpaid","OK")) -> Underpaid | V24: =_xlfn.XLOOKUP(C24,Payers!$A$2:$A$9,Payers!$B$2:$B$9) -> Blue Horizon Commercial | W24: =TEXT(G24,"yyyy-mm") -> 2026-03
A25: CLM100026 | B25: PT11404 | C25: P07 | D25: C04 | E25: 97140 | F25: 1 | G25: 45984 | H25: 45993 | I25: 57.18 | M25: Denied | N25: CO-16 | O25: 46029 | Q25: =_xlfn.XLOOKUP(E25,CPT!$A$2:$A$13,CPT!$D$2:$D$13) -> 58 | R25: =_xlfn.XLOOKUP(C25,Contract!$A$2:$A$9,Contract!$B$2:$B$9) -> 0.28 | S25: =ROUND(Q25*F25*R25,2) -> 16.24 | T25: =IF(M25="Paid",S25-J25,"") | U25: =IF(M25<>"Paid","",IF(T25>S25*0.05,"Underpaid","OK")) | V25: =_xlfn.XLOOKUP(C25,Payers!$A$2:$A$9,Payers!$B$2:$B$9) -> Coastal Medicaid MCO | W25: =TEXT(G25,"yyyy-mm") -> 2025-11
A26: CLM100027 | B26: PT10458 | C26: P04 | D26: C04 | E26: 97110 | F26: 1 | G26: 46072 | H26: 46078 | I26: 60.15 | J26: 23.28 | K26: 23.28 | L26: 0 | M26: Paid | O26: 46090 | P26: 46090 | Q26: =_xlfn.XLOOKUP(E26,CPT!$A$2:$A$13,CPT!$D$2:$D$13) -> 62 | R26: =_xlfn.XLOOKUP(C26,Contract!$A$2:$A$9,Contract!$B$2:$B$9) -> 0.36 | S26: =ROUND(Q26*F26*R26,2) -> 22.32 | T26: =IF(M26="Paid",S26-J26,"") -> -0.96 | U26: =IF(M26<>"Paid","",IF(T26>S26*0.05,"Underpaid","OK")) -> OK | V26: =_xlfn.XLOOKUP(C26,Payers!$A$2:$A$9,Payers!$B$2:$B$9) -> Medicare Part B | W26: =TEXT(G26,"yyyy-mm") -> 2026-02
A27: CLM100028 | B27: PT11262 | C27: P07 | D27: C01 | E27: J0702 | F27: 1 | G27: 46210 | H27: 46212 | I27: 36.94 | J27: 10.08 | K27: 10.08 | L27: 0 | M27: Paid | O27: 46266 | P27: 46266 | Q27: =_xlfn.XLOOKUP(E27,CPT!$A$2:$A$13,CPT!$D$2:$D$13) -> 38 | R27: =_xlfn.XLOOKUP(C27,Contract!$A$2:$A$9,Contract!$B$2:$B$9) -> 0.28 | S27: =ROUND(Q27*F27*R27,2) -> 10.64 | T27: =IF(M27="Paid",S27-J27,"") -> 0.56 | U27: =IF(M27<>"Paid","",IF(T27>S27*0.05,"Underpaid","OK")) -> Underpaid | V27: =_xlfn.XLOOKUP(C27,Payers!$A$2:$A$9,Payers!$B$2:$B$9) -> Coastal Medicaid MCO | W27: =TEXT(G27,"yyyy-mm") -> 2026-07
A28: CLM100029 | B28: PT10969 | C28: P07 | D28: C02 | E28: 99213 | F28: 1 | G28: 46038 | H28: 46043 | I28: 146.58 | M28: Denied | N28: CO-4 | O28: 46134 | Q28: =_xlfn.XLOOKUP(E28,CPT!$A$2:$A$13,CPT!$D$2:$D$13) -> 145 | R28: =_xlfn.XLOOKUP(C28,Contract!$A$2:$A$9,Contract!$B$2:$B$9) -> 0.28 | S28: =ROUND(Q28*F28*R28,2) -> 40.6 | T28: =IF(M28="Paid",S28-J28,"") | U28: =IF(M28<>"Paid","",IF(T28>S28*0.05,"Underpaid","OK")) | V28: =_xlfn.XLOOKUP(C28,Payers!$A$2:$A$9,Payers!$B$2:$B$9) -> Coastal Medicaid MCO | W28: =TEXT(G28,"yyyy-mm") -> 2026-01
A29: CLM100030 | B29: PT11092 | C29: P07 | D29: C04 | E29: 97110 | F29: 1 | G29: 45943 | H29: 45945 | I29: 62.88 | J29: 19.53 | K29: 19.53 | L29: 0 | M29: Paid | O29: 46001 | P29: 46001 | Q29: =_xlfn.XLOOKUP(E29,CPT!$A$2:$A$13,CPT!$D$2:$D$13) -> 62 | R29: =_xlfn.XLOOKUP(C29,Contract!$A$2:$A$9,Contract!$B$2:$B$9) -> 0.28 | S29: =ROUND(Q29*F29*R29,2) -> 17.36 | T29: =IF(M29="Paid",S29-J29,"") -> -2.17 | U29: =IF(M29<>"Paid","",IF(T29>S29*0.05,"Underpaid","OK")) -> OK | V29: =_xlfn.XLOOKUP(C29,Payers!$A$2:$A$9,Payers!$B$2:$B$9) -> Coastal Medicaid MCO | W29: =TEXT(G29,"yyyy-mm") -> 2025-10
A30: CLM100031 | B30: PT10913 | C30: P01 | D30: C01 | E30: J0702 | F30: 1 | G30: 45950 | H30: 45952 | I30: 38.82 | J30: 17.25 | K30: 17.25 | L30: 0 | M30: Paid | O30: 45974 | P30: 45974 | Q30: =_xlfn.XLOOKUP(E30,CPT!$A$2:$A$13,CPT!$D$2:$D$13) -> 38 | R30: =_xlfn.XLOOKUP(C30,Contract!$A$2:$A$9,Contract!$B$2:$B$9) -> 0.45 | S30: =ROUND(Q30*F30*R30,2) -> 17.1 | T30: =IF(M30="Paid",S30-J30,"") -> -0.15 | U30: =IF(M30<>"Paid","",IF(T30>S30*0.05,"Underpaid","OK")) -> OK | V30: =_xlfn.XLOOKUP(C30,Payers!$A$2:$A$9,Payers!$B$2:$B$9) -> Blue Horizon Commercial | W30: =TEXT(G30,"yyyy-mm") -> 2025-10
A31: CLM100032 | B31: PT12783 | C31: P02 | D31: C01 | E31: 99214 | F31: 1 | G31: 46073 | H31: 46087 | I31: 214.59 | J31: 95.78 | K31: 76.62 | L31: 19.16 | M31: Paid | O31: 46135 | P31: 46135 | Q31: =_xlfn.XLOOKUP(E31,CPT!$A$2:$A$13,CPT!$D$2:$D$13) -> 210 | R31: =_xlfn.XLOOKUP(C31,Contract!$A$2:$A$9,Contract!$B$2:$B$9) -> 0.43 | S31: =ROUND(Q31*F31*R31,2) -> 90.3 | T31: =IF(M31="Paid",S31-J31,"") -> -5.48 | U31: =IF(M31<>"Paid","",IF(T31>S31*0.05,"Underpaid","OK")) -> OK | V31: =_xlfn.XLOOKUP(C31,Payers!$A$2:$A$9,Payers!$B$2:$B$9) -> Summit Health Commercial | W31: =TEXT(G31,"yyyy-mm") -> 2026-02
A32: CLM100033 | B32: PT11787 | C32: P02 | D32: C04 | E32: 99213 | F32: 1 | G32: 45945 | H32: 45960 | I32: 141.65 | J32: 56.14 | K32: 50.53 | L32: 5.61 | M32: Paid | O32: 45999 | P32: 45999 | Q32: =_xlfn.XLOOKUP(E32,CPT!$A$2:$A$13,CPT!$D$2:$D$13) -> 145 | R32: =_xlfn.XLOOKUP(C32,Contract!$A$2:$A$9,Contract!$B$2:$B$9) -> 0.43 | S32: =ROUND(Q32*F32*R32,2) -> 62.35 | T32: =IF(M32="Paid",S32-J32,"") -> 6.21 | U32: =IF(M32<>"Paid","",IF(T32>S32*0.05,"Underpaid","OK")) -> Underpaid | V32: =_xlfn.XLOOKUP(C32,Payers!$A$2:$A$9,Payers!$B$2:$B$9) -> Summit Health Commercial | W32: =TEXT(G32,"yyyy-mm") -> 2025-10
A33: CLM100034 | B33: PT11491 | C33: P02 | D33: C02 | E33: 99213 | F33: 1 | G33: 46226 | H33: 46227 | I33: 142.3 | J33: 61.21 | K33: 61.21 | L33: 0 | M33: Paid | O33: 46265 | P33: 46265 | Q33: =_xlfn.XLOOKUP(E33,CPT!$A$2:$A$13,CPT!$D$2:$D$13) -> 145 | R33: =_xlfn.XLOOKUP(C33,Contract!$A$2:$A$9,Contract!$B$2:$B$9) -> 0.43 | S33: =ROUND(Q33*F33*R33,2) -> 62.35 | T33: =IF(M33="Paid",S33-J33,"") -> 1.14 | U33: =IF(M33<>"Paid","",IF(T33>S33*0.05,"Underpaid","OK")) -> OK | V33: =_xlfn.XLOOKUP(C33,Payers!$A$2:$A$9,Payers!$B$2:$B$9) -> Summit Health Commercial | W33: =TEXT(G33,"yyyy-mm") -> 2026-07
A34: CLM100035 | B34: PT12270 | C34: P04 | D34: C02 | E34: 99204 | F34: 1 | G34: 46270 | H34: 46276 | I34: 265.43 | J34: 89.89 | K34: 80.9 | L34: 8.99 | M34: Paid | O34: 46289 | P34: 46289 | Q34: =_xlfn.XLOOKUP(E34,CPT!$A$2:$A$13,CPT!$D$2:$D$13) -> 260 | R34: =_xlfn.XLOOKUP(C34,Contract!$A$2:$A$9,Contract!$B$2:$B$9) -> 0.36 | S34: =ROUND(Q34*F34*R34,2) -> 93.6 | T34: =IF(M34="Paid",S34-J34,"") -> 3.71 | U34: =IF(M34<>"Paid","",IF(T34>S34*0.05,"Underpaid","OK")) -> OK | V34: =_xlfn.XLOOKUP(C34,Payers!$A$2:$A$9,Payers!$B$2:$B$9) -> Medicare Part B | W34: =TEXT(G34,"yyyy-mm") -> 2026-09
A35: CLM100036 | B35: PT11244 | C35: P04 | D35: C01 | E35: 73721 | F35: 1 | G35: 46125 | H35: 46135 | I35: 1061.17 | J35: 358.36 | K35: 358.36 | L35: 0 | M35: Paid | O35: 46155 | P35: 46155 | Q35: =_xlfn.XLOOKUP(E35,CPT!$A$2:$A$13,CPT!$D$2:$D$13) -> 1050 | R35: =_xlfn.XLOOKUP(C35,Contract!$A$2:$A$9,Contract!$B$2:$B$9) -> 0.36 | S35: =ROUND(Q35*F35*R35,2) -> 378 | T35: =IF(M35="Paid",S35-J35,"") -> 19.64 | U35: =IF(M35<>"Paid","",IF(T35>S35*0.05,"Underpaid","OK")) -> Underpaid | V35: =_xlfn.XLOOKUP(C35,Payers!$A$2:$A$9,Payers!$B$2:$B$9) -> Medicare Part B | W35: =TEXT(G35,"yyyy-mm") -> 2026-04
A36: CLM100037 | B36: PT12698 | C36: P06 | D36: C01 | E36: 73721 | F36: 1 | G36: 46241 | H36: 46244 | I36: 1059.75 | J36: 260.65 | K36: 260.65 | L36: 0 | M36: Paid | O36: 46258 | P36: 46258 | Q36: =_xlfn.XLOOKUP(E36,CPT!$A$2:$A$13,CPT!$D$2:$D$13) -> 1050 | R36: =_xlfn.XLOOKUP(C36,Contract!$A$2:$A$9,Contract!$B$2:$B$9) -> 0.27 | S36: =ROUND(Q36*F36*R36,2) -> 283.5 | T36: =IF(M36="Paid",S36-J36,"") -> 22.85 | U36: =IF(M36<>"Paid","",IF(T36>S36*0.05,"Underpaid","OK")) -> Underpaid | V36: =_xlfn.XLOOKUP(C36,Payers!$A$2:$A$9,Payers!$B$2:$B$9) -> Florida Medicaid | W36: =TEXT(G36,"yyyy-mm") -> 2026-08
A37: CLM100038 | B37: PT13303 | C37: P04 | D37: C01 | E37: 20610 | F37: 1 | G37: 46248 | H37: 46255 | I37: 237.63 | J37: 90.15 | K37: 90.15 | L37: 0 | M37: Paid | O37: 46274 | P37: 46274 | Q37: =_xlfn.XLOOKUP(E37,CPT!$A$2:$A$13,CPT!$D$2:$D$13) -> 240 | R37: =_xlfn.XLOOKUP(C37,Contract!$A$2:$A$9,Contract!$B$2:$B$9) -> 0.36 | S37: =ROUND(Q37*F37*R37,2) -> 86.4 | T37: =IF(M37="Paid",S37-J37,"") -> -3.75 | U37: =IF(M37<>"Paid","",IF(T37>S37*0.05,"Underpaid","OK")) -> OK | V37: =_xlfn.XLOOKUP(C37,Payers!$A$2:$A$9,Payers!$B$2:$B$9) -> Medicare Part B | W37: =TEXT(G37,"yyyy-mm") -> 2026-08
A38: CLM100039 | B38: PT12024 | C38: P01 | D38: C01 | E38: 99204 | F38: 1 | G38: 46174 | H38: 46180 | I38: 261.74 | J38: 131.93 | K38: 105.54 | L38: 26.39 | M38: Paid | O38: 46196 | P38: 46196 | Q38: =_xlfn.XLOOKUP(E38,CPT!$A$2:$A$13,CPT!$D$2:$D$13) -> 260 | R38: =_xlfn.XLOOKUP(C38,Contract!$A$2:$A$9,Contract!$B$2:$B$9) -> 0.45 | S38: =ROUND(Q38*F38*R38,2) -> 117 | T38: =IF(M38="Paid",S38-J38,"") -> -14.93 | U38: =IF(M38<>"Paid","",IF(T38>S38*0.05,"Underpaid","OK")) -> OK | V38: =_xlfn.XLOOKUP(C38,Payers!$A$2:$A$9,Payers!$B$2:$B$9) -> Blue Horizon Commercial | W38: =TEXT(G38,"yyyy-mm") -> 2026-06
A39: CLM100040 | B39: PT10720 | C39: P04 | D39: C02 | E39: 99214 | F39: 1 | G39: 45933 | H39: 45941 | I39: 214.95 | J39: 84.08 | K39: 84.08 | L39: 0 | M39: Paid | O39: 45955 | P39: 45955 | Q39: =_xlfn.XLOOKUP(E39,CPT!$A$2:$A$13,CPT!$D$2:$D$13) -> 210 | R39: =_xlfn.XLOOKUP(C39,Contract!$A$2:$A$9,Contract!$B$2:$B$9) -> 0.36 | S39: =ROUND(Q39*F39*R39,2) -> 75.6 | T39: =IF(M39="Paid",S39-J39,"") -> -8.48 | U39: =IF(M39<>"Paid","",IF(T39>S39*0.05,"Underpaid","OK")) -> OK | V39: =_xlfn.XLOOKUP(C39,Payers!$A$2:$A$9,Payers!$B$2:$B$9) -> Medicare Part B | W39: =TEXT(G39,"yyyy-mm") -> 2025-10
A40: CLM100041 | B40: PT13093 | C40: P03 | D40: C04 | E40: 99213 | F40: 1 | G40: 45956 | H40: 45966 | I40: 145.5 | M40: Denied | N40: CO-27 | O40: 46000 | Q40: =_xlfn.XLOOKUP(E40,CPT!$A$2:$A$13,CPT!$D$2:$D$13) -> 145 | R40: =_xlfn.XLOOKUP(C40,Contract!$A$2:$A$9,Contract!$B$2:$B$9) -> 0.47 | S40: =ROUND(Q40*F40*R40,2) -> 68.15 | T40: =IF(M40="Paid",S40-J40,"") | U40: =IF(M40<>"Paid","",IF(T40>S40*0.05,"Underpaid","OK")) | V40: =_xlfn.XLOOKUP(C40,Payers!$A$2:$A$9,Payers!$B$2:$B$9) -> Keystone Commercial PPO | W40: =TEXT(G40,"yyyy-mm") -> 2025-10
A41: CLM100042 | B41: PT13440 | C41: P06 | D41: C02 | E41: J0702 | F41: 1 | G41: 46211 | H41: 46212 | I41: 37.88 | J41: 10.07 | K41: 10.07 | L41: 0 | M41: Paid | O41: 46248 | P41: 46248 | Q41: =_xlfn.XLOOKUP(E41,CPT!$A$2:$A$13,CPT!$D$2:$D$13) -> 38 | R41: =_xlfn.XLOOKUP(C41,Contract!$A$2:$A$9,Contract!$B$2:$B$9) -> 0.27 | S41: =ROUND(Q41*F41*R41,2) -> 10.26 | T41: =IF(M41="Paid",S41-J41,"") -> 0.19 | U41: =IF(M41<>"Paid","",IF(T41>S41*0.05,"Underpaid","OK")) -> OK | V41: =_xlfn.XLOOKUP(C41,Payers!$A$2:$A$9,Payers!$B$2:$B$9) -> Florida Medicaid | W41: =TEXT(G41,"yyyy-mm") -> 2026-07
A42: CLM100043 | B42: PT10947 | C42: P04 | D42: C02 | E42: J0702 | F42: 1 | G42: 46071 | H42: 46077 | I42: 37.86 | J42: 12.93 | K42: 12.93 | L42: 0 | M42: Paid | O42: 46096 | P42: 46096 | Q42: =_xlfn.XLOOKUP(E42,CPT!$A$2:$A$13,CPT!$D$2:$D$13) -> 38 | R42: =_xlfn.XLOOKUP(C42,Contract!$A$2:$A$9,Contract!$B$2:$B$9) -> 0.36 | S42: =ROUND(Q42*F42*R42,2) -> 13.68 | T42: =IF(M42="Paid",S42-J42,"") -> 0.75 | U42: =IF(M42<>"Paid","",IF(T42>S42*0.05,"Underpaid","OK")) -> Underpaid | V42: =_xlfn.XLOOKUP(C42,Payers!$A$2:$A$9,Payers!$B$2:$B$9) -> Medicare Part B | W42: =TEXT(G42,"yyyy-mm") -> 2026-02
A43: CLM100044 | B43: PT11595 | C43: P05 | D43: C02 | E43: 99214 | F43: 1 | G43: 45963 | H43: 45965 | I43: 208.93 | J43: 69.03 | K43: 55.22 | L43: 13.81 | M43: Paid | O43: 46013 | P43: 46013 | Q43: =_xlfn.XLOOKUP(E43,CPT!$A$2:$A$13,CPT!$D$2:$D$13) -> 210 | R43: =_xlfn.XLOOKUP(C43,Contract!$A$2:$A$9,Contract!$B$2:$B$9) -> 0.38 | S43: =ROUND(Q43*F43*R43,2) -> 79.8 | T43: =IF(M43="Paid",S43-J43,"") -> 10.77 | U43: =IF(M43<>"Paid","",IF(T43>S43*0.05,"Underpaid","OK")) -> Underpaid | V43: =_xlfn.XLOOKUP(C43,Payers!$A$2:$A$9,Payers!$B$2:$B$9) -> Sunshine Medicare Advantage | W43: =TEXT(G43,"yyyy-mm") -> 2025-11
A44: CLM100045 | B44: PT11716 | C44: P07 | D44: C04 | E44: 99213 | F44: 1 | G44: 45941 | H44: 45947 | I44: 148.1 | M44: Denied | N44: CO-27 | O44: 46035 | Q44: =_xlfn.XLOOKUP(E44,CPT!$A$2:$A$13,CPT!$D$2:$D$13) -> 145 | R44: =_xlfn.XLOOKUP(C44,Contract!$A$2:$A$9,Contract!$B$2:$B$9) -> 0.28 | S44: =ROUND(Q44*F44*R44,2) -> 40.6 | T44: =IF(M44="Paid",S44-J44,"") | U44: =IF(M44<>"Paid","",IF(T44>S44*0.05,"Underpaid","OK")) | V44: =_xlfn.XLOOKUP(C44,Payers!$A$2:$A$9,Payers!$B$2:$B$9) -> Coastal Medicaid MCO | W44: =TEXT(G44,"yyyy-mm") -> 2025-10
A45: CLM100046 | B45: PT10522 | C45: P03 | D45: C02 | E45: 99204 | F45: 1 | G45: 45945 | H45: 45950 | I45: 258.27 | J45: 130.54 | K45: 104.43 | L45: 26.11 | M45: Paid | O45: 45968 | P45: 45968 | Q45: =_xlfn.XLOOKUP(E45,CPT!$A$2:$A$13,CPT!$D$2:$D$13) -> 260 | R45: =_xlfn.XLOOKUP(C45,Contract!$A$2:$A$9,Contract!$B$2:$B$9) -> 0.47 | S45: =ROUND(Q45*F45*R45,2) -> 122.2 | T45: =IF(M45="Paid",S45-J45,"") -> -8.34 | U45: =IF(M45<>"Paid","",IF(T45>S45*0.05,"Underpaid","OK")) -> OK | V45: =_xlfn.XLOOKUP(C45,Payers!$A$2:$A$9,Payers!$B$2:$B$9) -> Keystone Commercial PPO | W45: =TEXT(G45,"yyyy-mm") -> 2025-10
A46: CLM100047 | B46: PT10866 | C46: P01 | D46: C04 | E46: 99213 | F46: 1 | G46: 46132 | H46: 46254 | I46: 145.8 | M46: Denied | N46: CO-29 | O46: 46289 | Q46: =_xlfn.XLOOKUP(E46,CPT!$A$2:$A$13,CPT!$D$2:$D$13) -> 145 | R46: =_xlfn.XLOOKUP(C46,Contract!$A$2:$A$9,Contract!$B$2:$B$9) -> 0.45 | S46: =ROUND(Q46*F46*R46,2) -> 65.25 | T46: =IF(M46="Paid",S46-J46,"") | U46: =IF(M46<>"Paid","",IF(T46>S46*0.05,"Underpaid","OK")) | V46: =_xlfn.XLOOKUP(C46,Payers!$A$2:$A$9,Payers!$B$2:$B$9) -> Blue Horizon Commercial | W46: =TEXT(G46,"yyyy-mm") -> 2026-04
A47: CLM100048 | B47: PT10079 | C47: P05 | D47: C02 | E47: 99204 | F47: 1 | G47: 46125 | H47: 46138 | I47: 256.54 | J47: 108.35 | K47: 86.68 | L47: 21.67 | M47: Paid | O47: 46194 | P47: 46194 | Q47: =_xlfn.XLOOKUP(E47,CPT!$A$2:$A$13,CPT!$D$2:$D$13) -> 260 | R47: =_xlfn.XLOOKUP(C47,Contract!$A$2:$A$9,Contract!$B$2:$B$9) -> 0.38 | S47: =ROUND(Q47*F47*R47,2) -> 98.8 | T47: =IF(M47="Paid",S47-J47,"") -> -9.55 | U47: =IF(M47<>"Paid","",IF(T47>S47*0.05,"Underpaid","OK")) -> OK | V47: =_xlfn.XLOOKUP(C47,Payers!$A$2:$A$9,Payers!$B$2:$B$9) -> Sunshine Medicare Advantage | W47: =TEXT(G47,"yyyy-mm") -> 2026-04
A48: CLM100049 | B48: PT12544 | C48: P01 | D48: C03 | E48: J1745 | F48: 10 | G48: 46110 | H48: 46117 | I48: 14630.63 | J48: 7104.53 | K48: 7104.53 | L48: 0 | M48: Paid | O48: 46150 | P48: 46150 | Q48: =_xlfn.XLOOKUP(E48,CPT!$A$2:$A$13,CPT!$D$2:$D$13) -> 1450 | R48: =_xlfn.XLOOKUP(C48,Contract!$A$2:$A$9,Contract!$B$2:$B$9) -> 0.45 | S48: =ROUND(Q48*F48*R48,2) -> 6525 | T48: =IF(M48="Paid",S48-J48,"") -> -579.53 | U48: =IF(M48<>"Paid","",IF(T48>S48*0.05,"Underpaid","OK")) -> OK | V48: =_xlfn.XLOOKUP(C48,Payers!$A$2:$A$9,Payers!$B$2:$B$9) -> Blue Horizon Commercial | W48: =TEXT(G48,"yyyy-mm") -> 2026-03
A49: CLM100050 | B49: PT12481 | C49: P03 | D49: C01 | E49: 99214 | F49: 1 | G49: 45989 | H49: 45990 | I49: 210.81 | J49: 107.88 | K49: 107.88 | L49: 0 | M49: Paid | O49: 46032 | P49: 46032 | Q49: =_xlfn.XLOOKUP(E49,CPT!$A$2:$A$13,CPT!$D$2:$D$13) -> 210 | R49: =_xlfn.XLOOKUP(C49,Contract!$A$2:$A$9,Contract!$B$2:$B$9) -> 0.47 | S49: =ROUND(Q49*F49*R49,2) -> 98.7 | T49: =IF(M49="Paid",S49-J49,"") -> -9.18 | U49: =IF(M49<>"Paid","",IF(T49>S49*0.05,"Underpaid","OK")) -> OK | V49: =_xlfn.XLOOKUP(C49,Payers!$A$2:$A$9,Payers!$B$2:$B$9) -> Keystone Commercial PPO | W49: =TEXT(G49,"yyyy-mm") -> 2025-11
A50: CLM100051 | B50: PT12928 | C50: P06 | D50: C02 | E50: 99213 | F50: 1 | G50: 46014 | H50: 46015 | I50: 149.04 | M50: Denied | N50: CO-16 | O50: 46066 | Q50: =_xlfn.XLOOKUP(E50,CPT!$A$2:$A$13,CPT!$D$2:$D$13) -> 145 | R50: =_xlfn.XLOOKUP(C50,Contract!$A$2:$A$9,Contract!$B$2:$B$9) -> 0.27 | S50: =ROUND(Q50*F50*R50,2) -> 39.15 | T50: =IF(M50="Paid",S50-J50,"") | U50: =IF(M50<>"Paid","",IF(T50>S50*0.05,"Underpaid","OK")) | V50: =_xlfn.XLOOKUP(C50,Payers!$A$2:$A$9,Payers!$B$2:$B$9) -> Florida Medicaid | W50: =TEXT(G50,"yyyy-mm") -> 2025-12
A51: CLM100052 | B51: PT10051 | C51: P06 | D51: C03 | E51: J1745 | F51: 5 | G51: 46220 | H51: 46223 | I51: 7183.53 | J51: 1943.15 | K51: 1748.83 | L51: 194.32 | M51: Paid | O51: 46259 | P51: 46259 | Q51: =_xlfn.XLOOKUP(E51,CPT!$A$2:$A$13,CPT!$D$2:$D$13) -> 1450 | R51: =_xlfn.XLOOKUP(C51,Contract!$A$2:$A$9,Contract!$B$2:$B$9) -> 0.27 | S51: =ROUND(Q51*F51*R51,2) -> 1957.5 | T51: =IF(M51="Paid",S51-J51,"") -> 14.35 | U51: =IF(M51<>"Paid","",IF(T51>S51*0.05,"Underpaid","OK")) -> OK | V51: =_xlfn.XLOOKUP(C51,Payers!$A$2:$A$9,Payers!$B$2:$B$9) -> Florida Medicaid | W51: =TEXT(G51,"yyyy-mm") -> 2026-07
A52: CLM100053 | B52: PT11904 | C52: P01 | D52: C04 | E52: 97140 | F52: 4 | G52: 46116 | H52: 46119 | I52: 237.45 | J52: 107.58 | K52: 86.06 | L52: 21.52 | M52: Paid | O52: 46140 | P52: 46140 | Q52: =_xlfn.XLOOKUP(E52,CPT!$A$2:$A$13,CPT!$D$2:$D$13) -> 58 | R52: =_xlfn.XLOOKUP(C52,Contract!$A$2:$A$9,Contract!$B$2:$B$9) -> 0.45 | S52: =ROUND(Q52*F52*R52,2) -> 104.4 | T52: =IF(M52="Paid",S52-J52,"") -> -3.18 | U52: =IF(M52<>"Paid","",IF(T52>S52*0.05,"Underpaid","OK")) -> OK | V52: =_xlfn.XLOOKUP(C52,Payers!$A$2:$A$9,Payers!$B$2:$B$9) -> Blue Horizon Commercial | W52: =TEXT(G52,"yyyy-mm") -> 2026-04
A53: CLM100054 | B53: PT12334 | C53: P02 | D53: C02 | E53: 99204 | F53: 1 | G53: 46056 | H53: 46057 | I53: 265.16 | J53: 104.32 | K53: 83.46 | L53: 20.86 | M53: Paid | O53: 46078 | P53: 46078 | Q53: =_xlfn.XLOOKUP(E53,CPT!$A$2:$A$13,CPT!$D$2:$D$13) -> 260 | R53: =_xlfn.XLOOKUP(C53,Contract!$A$2:$A$9,Contract!$B$2:$B$9) -> 0.43 | S53: =ROUND(Q53*F53*R53,2) -> 111.8 | T53: =IF(M53="Paid",S53-J53,"") -> 7.48 | U53: =IF(M53<>"Paid","",IF(T53>S53*0.05,"Underpaid","OK")) -> Underpaid | V53: =_xlfn.XLOOKUP(C53,Payers!$A$2:$A$9,Payers!$B$2:$B$9) -> Summit Health Commercial | W53: =TEXT(G53,"yyyy-mm") -> 2026-02
A54: CLM100055 | B54: PT12276 | C54: P02 | D54: C02 | E54: J0702 | F54: 1 | G54: 46184 | H54: 46185 | I54: 38.8 | J54: 18.12 | K54: 16.31 | L54: 1.81 | M54: Paid | O54: 46206 | P54: 46206 | Q54: =_xlfn.XLOOKUP(E54,CPT!$A$2:$A$13,CPT!$D$2:$D$13) -> 38 | R54: =_xlfn.XLOOKUP(C54,Contract!$A$2:$A$9,Contract!$B$2:$B$9) -> 0.43 | S54: =ROUND(Q54*F54*R54,2) -> 16.34 | T54: =IF(M54="Paid",S54-J54,"") -> -1.78 | U54: =IF(M54<>"Paid","",IF(T54>S54*0.05,"Underpaid","OK")) -> OK | V54: =_xlfn.XLOOKUP(C54,Payers!$A$2:$A$9,Payers!$B$2:$B$9) -> Summit Health Commercial | W54: =TEXT(G54,"yyyy-mm") -> 2026-06
A55: CLM100056 | B55: PT11835 | C55: P01 | D55: C01 | E55: 99214 | F55: 1 | G55: 46139 | H55: 46145 | I55: 209.86 | J55: 98.72 | K55: 78.98 | L55: 19.74 | M55: Paid | O55: 46187 | P55: 46187 | Q55: =_xlfn.XLOOKUP(E55,CPT!$A$2:$A$13,CPT!$D$2:$D$13) -> 210 | R55: =_xlfn.XLOOKUP(C55,Contract!$A$2:$A$9,Contract!$B$2:$B$9) -> 0.45 | S55: =ROUND(Q55*F55*R55,2) -> 94.5 | T55: =IF(M55="Paid",S55-J55,"") -> -4.22 | U55: =IF(M55<>"Paid","",IF(T55>S55*0.05,"Underpaid","OK")) -> OK | V55: =_xlfn.XLOOKUP(C55,Payers!$A$2:$A$9,Payers!$B$2:$B$9) -> Blue Horizon Commercial | W55: =TEXT(G55,"yyyy-mm") -> 2026-04
A56: CLM100057 | B56: PT11441 | C56: P02 | D56: C03 | E56: J1745 | F56: 10 | G56: 46138 | H56: 46142 | I56: 14331.4 | J56: 6185.61 | K56: 5567.05 | L56: 618.56 | M56: Paid | O56: 46159 | P56: 46159 | Q56: =_xlfn.XLOOKUP(E56,CPT!$A$2:$A$13,CPT!$D$2:$D$13) -> 1450 | R56: =_xlfn.XLOOKUP(C56,Contract!$A$2:$A$9,Contract!$B$2:$B$9) -> 0.43 | S56: =ROUND(Q56*F56*R56,2) -> 6235 | T56: =IF(M56="Paid",S56-J56,"") -> 49.39 | U56: =IF(M56<>"Paid","",IF(T56>S56*0.05,"Underpaid","OK")) -> OK | V56: =_xlfn.XLOOKUP(C56,Payers!$A$2:$A$9,Payers!$B$2:$B$9) -> Summit Health Commercial | W56: =TEXT(G56,"yyyy-mm") -> 2026-04
A57: CLM100058 | B57: PT10758 | C57: P02 | D57: C03 | E57: 96413 | F57: 1 | G57: 46049 | H57: 46050 | I57: 410.44 | M57: Denied | N57: CO-50 | O57: 46089 | Q57: =_xlfn.XLOOKUP(E57,CPT!$A$2:$A$13,CPT!$D$2:$D$13) -> 420 | R57: =_xlfn.XLOOKUP(C57,Contract!$A$2:$A$9,Contract!$B$2:$B$9) -> 0.43 | S57: =ROUND(Q57*F57*R57,2) -> 180.6 | T57: =IF(M57="Paid",S57-J57,"") | U57: =IF(M57<>"Paid","",IF(T57>S57*0.05,"Underpaid","OK")) | V57: =_xlfn.XLOOKUP(C57,Payers!$A$2:$A$9,Payers!$B$2:$B$9) -> Summit Health Commercial | W57: =TEXT(G57,"yyyy-mm") -> 2026-01
A58: CLM100059 | B58: PT12266 | C58: P04 | D58: C04 | E58: 99213 | F58: 1 | G58: 45982 | H58: 45984 | I58: 147.89 | J58: 56.69 | K58: 56.69 | L58: 0 | M58: Paid | O58: 46003 | P58: 46003 | Q58: =_xlfn.XLOOKUP(E58,CPT!$A$2:$A$13,CPT!$D$2:$D$13) -> 145 | R58: =_xlfn.XLOOKUP(C58,Contract!$A$2:$A$9,Contract!$B$2:$B$9) -> 0.36 | S58: =ROUND(Q58*F58*R58,2) -> 52.2 | T58: =IF(M58="Paid",S58-J58,"") -> -4.49 | U58: =IF(M58<>"Paid","",IF(T58>S58*0.05,"Underpaid","OK")) -> OK | V58: =_xlfn.XLOOKUP(C58,Payers!$A$2:$A$9,Payers!$B$2:$B$9) -> Medicare Part B | W58: =TEXT(G58,"yyyy-mm") -> 2025-11
A59: CLM100060 | B59: PT10755 | C59: P04 | D59: C01 | E59: 99214 | F59: 1 | G59: 46182 | H59: 46183 | I59: 204.99 | J59: 73.31 | K59: 65.98 | L59: 7.33 | M59: Paid | O59: 46202 | P59: 46202 | Q59: =_xlfn.XLOOKUP(E59,CPT!$A$2:$A$13,CPT!$D$2:$D$13) -> 210 | R59: =_xlfn.XLOOKUP(C59,Contract!$A$2:$A$9,Contract!$B$2:$B$9) -> 0.36 | S59: =ROUND(Q59*F59*R59,2) -> 75.6 | T59: =IF(M59="Paid",S59-J59,"") -> 2.29 | U59: =IF(M59<>"Paid","",IF(T59>S59*0.05,"Underpaid","OK")) -> OK | V59: =_xlfn.XLOOKUP(C59,Payers!$A$2:$A$9,Payers!$B$2:$B$9) -> Medicare Part B | W59: =TEXT(G59,"yyyy-mm") -> 2026-06
A60: CLM100062 | B60: PT11845 | C60: P01 | D60: C03 | E60: J1745 | F60: 20 | G60: 46219 | H60: 46221 | I60: 28278.21 | J60: 12393.33 | K60: 9914.66 | L60: 2478.67 | M60: Paid | O60: 46239 | P60: 46239 | Q60: =_xlfn.XLOOKUP(E60,CPT!$A$2:$A$13,CPT!$D$2:$D$13) -> 1450 | R60: =_xlfn.XLOOKUP(C60,Contract!$A$2:$A$9,Contract!$B$2:$B$9) -> 0.45 | S60: =ROUND(Q60*F60*R60,2) -> 13050 | T60: =IF(M60="Paid",S60-J60,"") -> 656.67 | U60: =IF(M60<>"Paid","",IF(T60>S60*0.05,"Underpaid","OK")) -> Underpaid | V60: =_xlfn.XLOOKUP(C60,Payers!$A$2:$A$9,Payers!$B$2:$B$9) -> Blue Horizon Commercial | W60: =TEXT(G60,"yyyy-mm") -> 2026-07
A61: CLM100063 | B61: PT11083 | C61: P07 | D61: C04 | E61: 97140 | F61: 1 | G61: 46150 | H61: 46151 | I61: 58.24 | M61: Denied | N61: CO-11 | O61: 46197 | Q61: =_xlfn.XLOOKUP(E61,CPT!$A$2:$A$13,CPT!$D$2:$D$13) -> 58 | R61: =_xlfn.XLOOKUP(C61,Contract!$A$2:$A$9,Contract!$B$2:$B$9) -> 0.28 | S61: =ROUND(Q61*F61*R61,2) -> 16.24 | T61: =IF(M61="Paid",S61-J61,"") | U61: =IF(M61<>"Paid","",IF(T61>S61*0.05,"Underpaid","OK")) | V61: =_xlfn.XLOOKUP(C61,Payers!$A$2:$A$9,Payers!$B$2:$B$9) -> Coastal Medicaid MCO | W61: =TEXT(G61,"yyyy-mm") -> 2026-05
A62: CLM100064 | B62: PT10291 | C62: P04 | D62: C01 | E62: 99214 | F62: 1 | G62: 46011 | H62: 46014 | I62: 203.73 | J62: 68.58 | K62: 54.86 | L62: 13.72 | M62: Paid | O62: 46032 | P62: 46032 | Q62: =_xlfn.XLOOKUP(E62,CPT!$A$2:$A$13,CPT!$D$2:$D$13) -> 210 | R62: =_xlfn.XLOOKUP(C62,Contract!$A$2:$A$9,Contract!$B$2:$B$9) -> 0.36 | S62: =ROUND(Q62*F62*R62,2) -> 75.6 | T62: =IF(M62="Paid",S62-J62,"") -> 7.02 | U62: =IF(M62<>"Paid","",IF(T62>S62*0.05,"Underpaid","OK")) -> Underpaid | V62: =_xlfn.XLOOKUP(C62,Payers!$A$2:$A$9,Payers!$B$2:$B$9) -> Medicare Part B | W62: =TEXT(G62,"yyyy-mm") -> 2025-12
A63: CLM100065 | B63: PT10920 | C63: P06 | D63: C03 | E63: 96413 | F63: 1 | G63: 46251 | H63: 46258 | I63: 422.26 | M63: Pending | Q63: =_xlfn.XLOOKUP(E63,CPT!$A$2:$A$13,CPT!$D$2:$D$13) -> 420 | R63: =_xlfn.XLOOKUP(C63,Contract!$A$2:$A$9,Contract!$B$2:$B$9) -> 0.27 | S63: =ROUND(Q63*F63*R63,2) -> 113.4 | T63: =IF(M63="Paid",S63-J63,"") | U63: =IF(M63<>"Paid","",IF(T63>S63*0.05,"Underpaid","OK")) | V63: =_xlfn.XLOOKUP(C63,Payers!$A$2:$A$9,Payers!$B$2:$B$9) -> Florida Medicaid | W63: =TEXT(G63,"yyyy-mm") -> 2026-08
A64: CLM100066 | B64: PT12820 | C64: P06 | D64: C03 | E64: 96413 | F64: 1 | G64: 45967 | H64: 45974 | I64: 408.9 | J64: 121.54 | K64: 97.23 | L64: 24.31 | M64: Paid | O64: 46025 | P64: 46025 | Q64: =_xlfn.XLOOKUP(E64,CPT!$A$2:$A$13,CPT!$D$2:$D$13) -> 420 | R64: =_xlfn.XLOOKUP(C64,Contract!$A$2:$A$9,Contract!$B$2:$B$9) -> 0.27 | S64: =ROUND(Q64*F64*R64,2) -> 113.4 | T64: =IF(M64="Paid",S64-J64,"") -> -8.14 | U64: =IF(M64<>"Paid","",IF(T64>S64*0.05,"Underpaid","OK")) -> OK | V64: =_xlfn.XLOOKUP(C64,Payers!$A$2:$A$9,Payers!$B$2:$B$9) -> Florida Medicaid | W64: =TEXT(G64,"yyyy-mm") -> 2025-11
A65: CLM100067 | B65: PT12472 | C65: P07 | D65: C01 | E65: 73721 | F65: 1 | G65: 46187 | H65: 46190 | I65: 1052.52 | J65: 329.23 | K65: 296.31 | L65: 32.92 | M65: Paid | O65: 46241 | P65: 46241 | Q65: =_xlfn.XLOOKUP(E65,CPT!$A$2:$A$13,CPT!$D$2:$D$13) -> 1050 | R65: =_xlfn.XLOOKUP(C65,Contract!$A$2:$A$9,Contract!$B$2:$B$9) -> 0.28 | S65: =ROUND(Q65*F65*R65,2) -> 294 | T65: =IF(M65="Paid",S65-J65,"") -> -35.23 | U65: =IF(M65<>"Paid","",IF(T65>S65*0.05,"Underpaid","OK")) -> OK | V65: =_xlfn.XLOOKUP(C65,Payers!$A$2:$A$9,Payers!$B$2:$B$9) -> Coastal Medicaid MCO | W65: =TEXT(G65,"yyyy-mm") -> 2026-06
A66: CLM100068 | B66: PT10164 | C66: P01 | D66: C01 | E66: 99204 | F66: 1 | G66: 46276 | H66: 46280 | I66: 265.24 | M66: Pending | Q66: =_xlfn.XLOOKUP(E66,CPT!$A$2:$A$13,CPT!$D$2:$D$13) -> 260 | R66: =_xlfn.XLOOKUP(C66,Contract!$A$2:$A$9,Contract!$B$2:$B$9) -> 0.45 | S66: =ROUND(Q66*F66*R66,2) -> 117 | T66: =IF(M66="Paid",S66-J66,"") | U66: =IF(M66<>"Paid","",IF(T66>S66*0.05,"Underpaid","OK")) | V66: =_xlfn.XLOOKUP(C66,Payers!$A$2:$A$9,Payers!$B$2:$B$9) -> Blue Horizon Commercial | W66: =TEXT(G66,"yyyy-mm") -> 2026-09
A67: CLM100069 | B67: PT12014 | C67: P03 | D67: C03 | E67: J1745 | F67: 30 | G67: 46264 | H67: 46265 | I67: 44585.95 | M67: Pending | Q67: =_xlfn.XLOOKUP(E67,CPT!$A$2:$A$13,CPT!$D$2:$D$13) -> 1450 | R67: =_xlfn.XLOOKUP(C67,Contract!$A$2:$A$9,Contract!$B$2:$B$9) -> 0.47 | S67: =ROUND(Q67*F67*R67,2) -> 20445 | T67: =IF(M67="Paid",S67-J67,"") | U67: =IF(M67<>"Paid","",IF(T67>S67*0.05,"Underpaid","OK")) | V67: =_xlfn.XLOOKUP(C67,Payers!$A$2:$A$9,Payers!$B$2:$B$9) -> Keystone Commercial PPO | W67: =TEXT(G67,"yyyy-mm") -> 2026-08
A68: CLM100070 | B68: PT11862 | C68: P02 | D68: C04 | E68: 97140 | F68: 1 | G68: 46101 | H68: 46109 | I68: 58.59 | J68: 23.4 | K68: 23.4 | L68: 0 | M68: Paid | O68: 46157 | P68: 46157 | Q68: =_xlfn.XLOOKUP(E68,CPT!$A$2:$A$13,CPT!$D$2:$D$13) -> 58 | R68: =_xlfn.XLOOKUP(C68,Contract!$A$2:$A$9,Contract!$B$2:$B$9) -> 0.43 | S68: =ROUND(Q68*F68*R68,2) -> 24.94 | T68: =IF(M68="Paid",S68-J68,"") -> 1.54 | U68: =IF(M68<>"Paid","",IF(T68>S68*0.05,"Underpaid","OK")) -> Underpaid | V68: =_xlfn.XLOOKUP(C68,Payers!$A$2:$A$9,Payers!$B$2:$B$9) -> Summit Health Commercial | W68: =TEXT(G68,"yyyy-mm") -> 2026-03
A69: CLM100071 | B69: PT10222 | C69: P02 | D69: C01 | E69: 72148 | F69: 1 | G69: 46137 | H69: 46144 | I69: 1175.18 | M69: Denied | N69: CO-11 | O69: 46170 | Q69: =_xlfn.XLOOKUP(E69,CPT!$A$2:$A$13,CPT!$D$2:$D$13) -> 1150 | R69: =_xlfn.XLOOKUP(C69,Contract!$A$2:$A$9,Contract!$B$2:$B$9) -> 0.43 | S69: =ROUND(Q69*F69*R69,2) -> 494.5 | T69: =IF(M69="Paid",S69-J69,"") | U69: =IF(M69<>"Paid","",IF(T69>S69*0.05,"Underpaid","OK")) | V69: =_xlfn.XLOOKUP(C69,Payers!$A$2:$A$9,Payers!$B$2:$B$9) -> Summit Health Commercial | W69: =TEXT(G69,"yyyy-mm") -> 2026-04
A70: CLM100072 | B70: PT12907 | C70: P01 | D70: C02 | E70: 99213 | F70: 1 | G70: 46212 | H70: 46214 | I70: 141.79 | J70: 63.5 | K70: 63.5 | L70: 0 | M70: Paid | O70: 46253 | P70: 46253 | Q70: =_xlfn.XLOOKUP(E70,CPT!$A$2:$A$13,CPT!$D$2:$D$13) -> 145 | R70: =_xlfn.XLOOKUP(C70,Contract!$A$2:$A$9,Contract!$B$2:$B$9) -> 0.45 | S70: =ROUND(Q70*F70*R70,2) -> 65.25 | T70: =IF(M70="Paid",S70-J70,"") -> 1.75 | U70: =IF(M70<>"Paid","",IF(T70>S70*0.05,"Underpaid","OK")) -> OK | V70: =_xlfn.XLOOKUP(C70,Payers!$A$2:$A$9,Payers!$B$2:$B$9) -> Blue Horizon Commercial | W70: =TEXT(G70,"yyyy-mm") -> 2026-07
A71: CLM100073 | B71: PT12653 | C71: P01 | D71: C01 | E71: 20610 | F71: 1 | G71: 46139 | H71: 46159 | I71: 234.14 | J71: 104.1 | K71: 104.1 | L71: 0 | M71: Paid | O71: 46189 | P71: 46189 | Q71: =_xlfn.XLOOKUP(E71,CPT!$A$2:$A$13,CPT!$D$2:$D$13) -> 240 | R71: =_xlfn.XLOOKUP(C71,Contract!$A$2:$A$9,Contract!$B$2:$B$9) -> 0.45 | S71: =ROUND(Q71*F71*R71,2) -> 108 | T71: =IF(M71="Paid",S71-J71,"") -> 3.9 | U71: =IF(M71<>"Paid","",IF(T71>S71*0.05,"Underpaid","OK")) -> OK | V71: =_xlfn.XLOOKUP(C71,Payers!$A$2:$A$9,Payers!$B$2:$B$9) -> Blue Horizon Commercial | W71: =TEXT(G71,"yyyy-mm") -> 2026-04
A72: CLM100074 | B72: PT10285 | C72: P07 | D72: C04 | E72: 97140 | F72: 3 | G72: 46080 | H72: 46083 | I72: 176.14 | J72: 48.48 | K72: 48.48 | L72: 0 | M72: Paid | O72: 46151 | P72: 46151 | Q72: =_xlfn.XLOOKUP(E72,CPT!$A$2:$A$13,CPT!$D$2:$D$13) -> 58 | R72: =_xlfn.XLOOKUP(C72,Contract!$A$2:$A$9,Contract!$B$2:$B$9) -> 0.28 | S72: =ROUND(Q72*F72*R72,2) -> 48.72 | T72: =IF(M72="Paid",S72-J72,"") -> 0.24 | U72: =IF(M72<>"Paid","",IF(T72>S72*0.05,"Underpaid","OK")) -> OK | V72: =_xlfn.XLOOKUP(C72,Payers!$A$2:$A$9,Payers!$B$2:$B$9) -> Coastal Medicaid MCO | W72: =TEXT(G72,"yyyy-mm") -> 2026-02
A73: CLM100075 | B73: PT13430 | C73: P06 | D73: C01 | E73: 29881 | F73: 1 | G73: 46105 | H73: 46108 | I73: 4925.06 | J73: 1239.93 | K73: 1115.94 | L73: 123.99 | M73: Paid | O73: 46154 | P73: 46154 | Q73: =_xlfn.XLOOKUP(E73,CPT!$A$2:$A$13,CPT!$D$2:$D$13) -> 4800 | R73: =_xlfn.XLOOKUP(C73,Contract!$A$2:$A$9,Contract!$B$2:$B$9) -> 0.27 | S73: =ROUND(Q73*F73*R73,2) -> 1296 | T73: =IF(M73="Paid",S73-J73,"") -> 56.07 | U73: =IF(M73<>"Paid","",IF(T73>S73*0.05,"Underpaid","OK")) -> OK | V73: =_xlfn.XLOOKUP(C73,Payers!$A$2:$A$9,Payers!$B$2:$B$9) -> Florida Medicaid | W73: =TEXT(G73,"yyyy-mm") -> 2026-03
A74: CLM100076 | B74: PT12856 | C74: P07 | D74: C02 | E74: J0702 | F74: 1 | G74: 46159 | H74: 46161 | I74: 38.09 | J74: 10.77 | K74: 10.77 | L74: 0 | M74: Paid | O74: 46206 | P74: 46206 | Q74: =_xlfn.XLOOKUP(E74,CPT!$A$2:$A$13,CPT!$D$2:$D$13) -> 38 | R74: =_xlfn.XLOOKUP(C74,Contract!$A$2:$A$9,Contract!$B$2:$B$9) -> 0.28 | S74: =ROUND(Q74*F74*R74,2) -> 10.64 | T74: =IF(M74="Paid",S74-J74,"") -> -0.13 | U74: =IF(M74<>"Paid","",IF(T74>S74*0.05,"Underpaid","OK")) -> OK | V74: =_xlfn.XLOOKUP(C74,Payers!$A$2:$A$9,Payers!$B$2:$B$9) -> Coastal Medicaid MCO | W74: =TEXT(G74,"yyyy-mm") -> 2026-05
A75: CLM100077 | B75: PT12718 | C75: P01 | D75: C01 | E75: 73721 | F75: 1 | G75: 46141 | H75: 46147 | I75: 1021.25 | J75: 504.09 | K75: 403.27 | L75: 100.82 | M75: Paid | O75: 46177 | P75: 46177 | Q75: =_xlfn.XLOOKUP(E75,CPT!$A$2:$A$13,CPT!$D$2:$D$13) -> 1050 | R75: =_xlfn.XLOOKUP(C75,Contract!$A$2:$A$9,Contract!$B$2:$B$9) -> 0.45 | S75: =ROUND(Q75*F75*R75,2) -> 472.5 | T75: =IF(M75="Paid",S75-J75,"") -> -31.59 | U75: =IF(M75<>"Paid","",IF(T75>S75*0.05,"Underpaid","OK")) -> OK | V75: =_xlfn.XLOOKUP(C75,Payers!$A$2:$A$9,Payers!$B$2:$B$9) -> Blue Horizon Commercial | W75: =TEXT(G75,"yyyy-mm") -> 2026-04
A76: CLM100078 | B76: PT10408 | C76: P08 | D76: C03 | E76: 99214 | F76: 1 | G76: 46184 | H76: 46185 | I76: 215.86 | J76: 215.86 | K76: 215.86 | L76: 0 | M76: Paid | O76: 46254 | P76: 46254 | Q76: =_xlfn.XLOOKUP(E76,CPT!$A$2:$A$13,CPT!$D$2:$D$13) -> 210 | R76: =_xlfn.XLOOKUP(C76,Contract!$A$2:$A$9,Contract!$B$2:$B$9) -> 1 | S76: =ROUND(Q76*F76*R76,2) -> 210 | T76: =IF(M76="Paid",S76-J76,"") -> -5.86 | U76: =IF(M76<>"Paid","",IF(T76>S76*0.05,"Underpaid","OK")) -> OK | V76: =_xlfn.XLOOKUP(C76,Payers!$A$2:$A$9,Payers!$B$2:$B$9) -> Self-Pay | W76: =TEXT(G76,"yyyy-mm") -> 2026-06
A77: CLM100079 | B77: PT11386 | C77: P01 | D77: C02 | E77: J0702 | F77: 1 | G77: 46004 | H77: 46009 | I77: 37.79 | J77: 16.84 | K77: 15.16 | L77: 1.68 | M77: Paid | O77: 46040 | P77: 46040 | Q77: =_xlfn.XLOOKUP(E77,CPT!$A$2:$A$13,CPT!$D$2:$D$13) -> 38 | R77: =_xlfn.XLOOKUP(C77,Contract!$A$2:$A$9,Contract!$B$2:$B$9) -> 0.45 | S77: =ROUND(Q77*F77*R77,2) -> 17.1 | T77: =IF(M77="Paid",S77-J77,"") -> 0.26 | U77: =IF(M77<>"Paid","",IF(T77>S77*0.05,"Underpaid","OK")) -> OK | V77: =_xlfn.XLOOKUP(C77,Payers!$A$2:$A$9,Payers!$B$2:$B$9) -> Blue Horizon Commercial | W77: =TEXT(G77,"yyyy-mm") -> 2025-12
A78: CLM100080 | B78: PT12529 | C78: P04 | D78: C02 | E78: J0702 | F78: 1 | G78: 46099 | H78: 46107 | I78: 38.8 | J78: 13.17 | K78: 13.17 | L78: 0 | M78: Paid | O78: 46123 | P78: 46123 | Q78: =_xlfn.XLOOKUP(E78,CPT!$A$2:$A$13,CPT!$D$2:$D$13) -> 38 | R78: =_xlfn.XLOOKUP(C78,Contract!$A$2:$A$9,Contract!$B$2:$B$9) -> 0.36 | S78: =ROUND(Q78*F78*R78,2) -> 13.68 | T78: =IF(M78="Paid",S78-J78,"") -> 0.51 | U78: =IF(M78<>"Paid","",IF(T78>S78*0.05,"Underpaid","OK")) -> OK | V78: =_xlfn.XLOOKUP(C78,Payers!$A$2:$A$9,Payers!$B$2:$B$9) -> Medicare Part B | W78: =TEXT(G78,"yyyy-mm") -> 2026-03
A79: CLM100081 | B79: PT11817 | C79: P05 | D79: C01 | E79: J0702 | F79: 1 | G79: 46078 | H79: 46084 | I79: 39.13 | J79: 13.1 | K79: 13.1 | L79: 0 | M79: Paid | O79: 46110 | P79: 46110 | Q79: =_xlfn.XLOOKUP(E79,CPT!$A$2:$A$13,CPT!$D$2:$D$13) -> 38 | R79: =_xlfn.XLOOKUP(C79,Contract!$A$2:$A$9,Contract!$B$2:$B$9) -> 0.38 | S79: =ROUND(Q79*F79*R79,2) -> 14.44 | T79: =IF(M79="Paid",S79-J79,"") -> 1.34 | U79: =IF(M79<>"Paid","",IF(T79>S79*0.05,"Underpaid","OK")) -> Underpaid | V79: =_xlfn.XLOOKUP(C79,Payers!$A$2:$A$9,Payers!$B$2:$B$9) -> Sunshine Medicare Advantage | W79: =TEXT(G79,"yyyy-mm") -> 2026-02
A80: CLM100082 | B80: PT10737 | C80: P07 | D80: C01 | E80: 72148 | F80: 1 | G80: 45954 | H80: 45955 | I80: 1137.88 | M80: Denied | N80: CO-50 | O80: 45992 | Q80: =_xlfn.XLOOKUP(E80,CPT!$A$2:$A$13,CPT!$D$2:$D$13) -> 1150 | R80: =_xlfn.XLOOKUP(C80,Contract!$A$2:$A$9,Contract!$B$2:$B$9) -> 0.28 | S80: =ROUND(Q80*F80*R80,2) -> 322 | T80: =IF(M80="Paid",S80-J80,"") | U80: =IF(M80<>"Paid","",IF(T80>S80*0.05,"Underpaid","OK")) | V80: =_xlfn.XLOOKUP(C80,Payers!$A$2:$A$9,Payers!$B$2:$B$9) -> Coastal Medicaid MCO | W80: =TEXT(G80,"yyyy-mm") -> 2025-10
A81: CLM100083 | B81: PT13295 | C81: P03 | D81: C02 | E81: 99214 | F81: 1 | G81: 46229 | H81: 46232 | I81: 205.5 | J81: 89.71 | K81: 89.71 | L81: 0 | M81: Paid | O81: 46287 | P81: 46287 | Q81: =_xlfn.XLOOKUP(E81,CPT!$A$2:$A$13,CPT!$D$2:$D$13) -> 210 | R81: =_xlfn.XLOOKUP(C81,Contract!$A$2:$A$9,Contract!$B$2:$B$9) -> 0.47 | S81: =ROUND(Q81*F81*R81,2) -> 98.7 | T81: =IF(M81="Paid",S81-J81,"") -> 8.99 | U81: =IF(M81<>"Paid","",IF(T81>S81*0.05,"Underpaid","OK")) -> Underpaid | V81: =_xlfn.XLOOKUP(C81,Payers!$A$2:$A$9,Payers!$B$2:$B$9) -> Keystone Commercial PPO | W81: =TEXT(G81,"yyyy-mm") -> 2026-07
A82: CLM100084 | B82: PT13462 | C82: P05 | D82: C02 | E82: 99204 | F82: 1 | G82: 46011 | H82: 46023 | I82: 253.35 | J82: 90.85 | K82: 72.68 | L82: 18.17 | M82: Paid | O82: 46098 | P82: 46098 | Q82: =_xlfn.XLOOKUP(E82,CPT!$A$2:$A$13,CPT!$D$2:$D$13) -> 260 | R82: =_xlfn.XLOOKUP(C82,Contract!$A$2:$A$9,Contract!$B$2:$B$9) -> 0.38 | S82: =ROUND(Q82*F82*R82,2) -> 98.8 | T82: =IF(M82="Paid",S82-J82,"") -> 7.95 | U82: =IF(M82<>"Paid","",IF(T82>S82*0.05,"Underpaid","OK")) -> Underpaid | V82: =_xlfn.XLOOKUP(C82,Payers!$A$2:$A$9,Payers!$B$2:$B$9) -> Sunshine Medicare Advantage | W82: =TEXT(G82,"yyyy-mm") -> 2025-12
A83: CLM100085 | B83: PT10089 | C83: P06 | D83: C01 | E83: 73721 | F83: 1 | G83: 45985 | H83: 45989 | I83: 1033.44 | J83: 321.8 | K83: 289.62 | L83: 32.18 | M83: Paid | O83: 46024 | P83: 46024 | Q83: =_xlfn.XLOOKUP(E83,CPT!$A$2:$A$13,CPT!$D$2:$D$13) -> 1050 | R83: =_xlfn.XLOOKUP(C83,Contract!$A$2:$A$9,Contract!$B$2:$B$9) -> 0.27 | S83: =ROUND(Q83*F83*R83,2) -> 283.5 | T83: =IF(M83="Paid",S83-J83,"") -> -38.3 | U83: =IF(M83<>"Paid","",IF(T83>S83*0.05,"Underpaid","OK")) -> OK | V83: =_xlfn.XLOOKUP(C83,Payers!$A$2:$A$9,Payers!$B$2:$B$9) -> Florida Medicaid | W83: =TEXT(G83,"yyyy-mm") -> 2025-11
A84: CLM100086 | B84: PT13272 | C84: P02 | D84: C04 | E84: 99213 | F84: 1 | G84: 45935 | H84: 45940 | I84: 145.57 | M84: Denied | N84: CO-4 | O84: 45978 | Q84: =_xlfn.XLOOKUP(E84,CPT!$A$2:$A$13,CPT!$D$2:$D$13) -> 145 | R84: =_xlfn.XLOOKUP(C84,Contract!$A$2:$A$9,Contract!$B$2:$B$9) -> 0.43 | S84: =ROUND(Q84*F84*R84,2) -> 62.35 | T84: =IF(M84="Paid",S84-J84,"") | U84: =IF(M84<>"Paid","",IF(T84>S84*0.05,"Underpaid","OK")) | V84: =_xlfn.XLOOKUP(C84,Payers!$A$2:$A$9,Payers!$B$2:$B$9) -> Summit Health Commercial | W84: =TEXT(G84,"yyyy-mm") -> 2025-10
A85: CLM100087 | B85: PT11265 | C85: P05 | D85: C03 | E85: 99214 | F85: 1 | G85: 46279 | H85: 46283 | I85: 214.26 | M85: Pending | Q85: =_xlfn.XLOOKUP(E85,CPT!$A$2:$A$13,CPT!$D$2:$D$13) -> 210 | R85: =_xlfn.XLOOKUP(C85,Contract!$A$2:$A$9,Contract!$B$2:$B$9) -> 0.38 | S85: =ROUND(Q85*F85*R85,2) -> 79.8 | T85: =IF(M85="Paid",S85-J85,"") | U85: =IF(M85<>"Paid","",IF(T85>S85*0.05,"Underpaid","OK")) | V85: =_xlfn.XLOOKUP(C85,Payers!$A$2:$A$9,Payers!$B$2:$B$9) -> Sunshine Medicare Advantage | W85: =TEXT(G85,"yyyy-mm") -> 2026-09
A86: CLM100088 | B86: PT12174 | C86: P04 | D86: C03 | E86: J1745 | F86: 5 | G86: 45998 | H86: 46000 | I86: 7428.19 | J86: 2425.22 | K86: 2182.7 | L86: 242.52 | M86: Paid | O86: 46020 | P86: 46020 | Q86: =_xlfn.XLOOKUP(E86,CPT!$A$2:$A$13,CPT!$D$2:$D$13) -> 1450 | R86: =_xlfn.XLOOKUP(C86,Contract!$A$2:$A$9,Contract!$B$2:$B$9) -> 0.36 | S86: =ROUND(Q86*F86*R86,2) -> 2610 | T86: =IF(M86="Paid",S86-J86,"") -> 184.78 | U86: =IF(M86<>"Paid","",IF(T86>S86*0.05,"Underpaid","OK")) -> Underpaid | V86: =_xlfn.XLOOKUP(C86,Payers!$A$2:$A$9,Payers!$B$2:$B$9) -> Medicare Part B | W86: =TEXT(G86,"yyyy-mm") -> 2025-12
A87: CLM100089 | B87: PT13294 | C87: P06 | D87: C02 | E87: 99204 | F87: 1 | G87: 46062 | H87: 46074 | I87: 266.46 | J87: 67.36 | K87: 60.62 | L87: 6.74 | M87: Paid | O87: 46090 | P87: 46090 | Q87: =_xlfn.XLOOKUP(E87,CPT!$A$2:$A$13,CPT!$D$2:$D$13) -> 260 | R87: =_xlfn.XLOOKUP(C87,Contract!$A$2:$A$9,Contract!$B$2:$B$9) -> 0.27 | S87: =ROUND(Q87*F87*R87,2) -> 70.2 | T87: =IF(M87="Paid",S87-J87,"") -> 2.84 | U87: =IF(M87<>"Paid","",IF(T87>S87*0.05,"Underpaid","OK")) -> OK | V87: =_xlfn.XLOOKUP(C87,Payers!$A$2:$A$9,Payers!$B$2:$B$9) -> Florida Medicaid | W87: =TEXT(G87,"yyyy-mm") -> 2026-02
A88: CLM100090 | B88: PT10057 | C88: P01 | D88: C01 | E88: 99204 | F88: 1 | G88: 46046 | H88: 46052 | I88: 265.62 | J88: 136.91 | K88: 109.53 | L88: 27.38 | M88: Paid | O88: 46082 | P88: 46082 | Q88: =_xlfn.XLOOKUP(E88,CPT!$A$2:$A$13,CPT!$D$2:$D$13) -> 260 | R88: =_xlfn.XLOOKUP(C88,Contract!$A$2:$A$9,Contract!$B$2:$B$9) -> 0.45 | S88: =ROUND(Q88*F88*R88,2) -> 117 | T88: =IF(M88="Paid",S88-J88,"") -> -19.91 | U88: =IF(M88<>"Paid","",IF(T88>S88*0.05,"Underpaid","OK")) -> OK | V88: =_xlfn.XLOOKUP(C88,Payers!$A$2:$A$9,Payers!$B$2:$B$9) -> Blue Horizon Commercial | W88: =TEXT(G88,"yyyy-mm") -> 2026-01
A89: CLM100091 | B89: PT11521 | C89: P03 | D89: C01 | E89: 99204 | F89: 1 | G89: 46275 | H89: 46277 | I89: 263.88 | M89: Pending | Q89: =_xlfn.XLOOKUP(E89,CPT!$A$2:$A$13,CPT!$D$2:$D$13) -> 260 | R89: =_xlfn.XLOOKUP(C89,Contract!$A$2:$A$9,Contract!$B$2:$B$9) -> 0.47 | S89: =ROUND(Q89*F89*R89,2) -> 122.2 | T89: =IF(M89="Paid",S89-J89,"") | U89: =IF(M89<>"Paid","",IF(T89>S89*0.05,"Underpaid","OK")) | V89: =_xlfn.XLOOKUP(C89,Payers!$A$2:$A$9,Payers!$B$2:$B$9) -> Keystone Commercial PPO | W89: =TEXT(G89,"yyyy-mm") -> 2026-09
A90: CLM100092 | B90: PT12871 | C90: P03 | D90: C01 | E90: 99214 | F90: 1 | G90: 46248 | H90: 46252 | I90: 214.84 | M90: Pending | Q90: =_xlfn.XLOOKUP(E90,CPT!$A$2:$A$13,CPT!$D$2:$D$13) -> 210 | R90: =_xlfn.XLOOKUP(C90,Contract!$A$2:$A$9,Contract!$B$2:$B$9) -> 0.47 | S90: =ROUND(Q90*F90*R90,2) -> 98.7 | T90: =IF(M90="Paid",S90-J90,"") | U90: =IF(M90<>"Paid","",IF(T90>S90*0.05,"Underpaid","OK")) | V90: =_xlfn.XLOOKUP(C90,Payers!$A$2:$A$9,Payers!$B$2:$B$9) -> Keystone Commercial PPO | W90: =TEXT(G90,"yyyy-mm") -> 2026-08
A91: CLM100093 | B91: PT11591 | C91: P01 | D91: C01 | E91: 73721 | F91: 1 | G91: 45954 | H91: 45956 | I91: 1078.11 | J91: 424.35 | K91: 424.35 | L91: 0 | M91: Paid | O91: 45990 | P91: 45990 | Q91: =_xlfn.XLOOKUP(E91,CPT!$A$2:$A$13,CPT!$D$2:$D$13) -> 1050 | R91: =_xlfn.XLOOKUP(C91,Contract!$A$2:$A$9,Contract!$B$2:$B$9) -> 0.45 | S91: =ROUND(Q91*F91*R91,2) -> 472.5 | T91: =IF(M91="Paid",S91-J91,"") -> 48.15 | U91: =IF(M91<>"Paid","",IF(T91>S91*0.05,"Underpaid","OK")) -> Underpaid | V91: =_xlfn.XLOOKUP(C91,Payers!$A$2:$A$9,Payers!$B$2:$B$9) -> Blue Horizon Commercial | W91: =TEXT(G91,"yyyy-mm") -> 2025-10
A92: CLM100094 | B92: PT10889 | C92: P04 | D92: C02 | E92: J0702 | F92: 1 | G92: 46010 | H92: 46015 | I92: 38.88 | J92: 14.5 | K92: 13.05 | L92: 1.45 | M92: Paid | O92: 46037 | P92: 46037 | Q92: =_xlfn.XLOOKUP(E92,CPT!$A$2:$A$13,CPT!$D$2:$D$13) -> 38 | R92: =_xlfn.XLOOKUP(C92,Contract!$A$2:$A$9,Contract!$B$2:$B$9) -> 0.36 | S92: =ROUND(Q92*F92*R92,2) -> 13.68 | T92: =IF(M92="Paid",S92-J92,"") -> -0.82 | U92: =IF(M92<>"Paid","",IF(T92>S92*0.05,"Underpaid","OK")) -> OK | V92: =_xlfn.XLOOKUP(C92,Payers!$A$2:$A$9,Payers!$B$2:$B$9) -> Medicare Part B | W92: =TEXT(G92,"yyyy-mm") -> 2025-12
A93: CLM100095 | B93: PT11630 | C93: P06 | D93: C02 | E93: 99214 | F93: 1 | G93: 45981 | H93: 45983 | I93: 216.06 | J93: 60.96 | K93: 60.96 | L93: 0 | M93: Paid | O93: 46019 | P93: 46019 | Q93: =_xlfn.XLOOKUP(E93,CPT!$A$2:$A$13,CPT!$D$2:$D$13) -> 210 | R93: =_xlfn.XLOOKUP(C93,Contract!$A$2:$A$9,Contract!$B$2:$B$9) -> 0.27 | S93: =ROUND(Q93*F93*R93,2) -> 56.7 | T93: =IF(M93="Paid",S93-J93,"") -> -4.26 | U93: =IF(M93<>"Paid","",IF(T93>S93*0.05,"Underpaid","OK")) -> OK | V93: =_xlfn.XLOOKUP(C93,Payers!$A$2:$A$9,Payers!$B$2:$B$9) -> Florida Medicaid | W93: =TEXT(G93,"yyyy-mm") -> 2025-11
A94: CLM100096 | B94: PT13223 | C94: P07 | D94: C01 | E94: 99204 | F94: 1 | G94: 46163 | H94: 46164 | I94: 253.63 | J94: 81.13 | K94: 81.13 | L94: 0 | M94: Paid | O94: 46240 | P94: 46240 | Q94: =_xlfn.XLOOKUP(E94,CPT!$A$2:$A$13,CPT!$D$2:$D$13) -> 260 | R94: =_xlfn.XLOOKUP(C94,Contract!$A$2:$A$9,Contract!$B$2:$B$9) -> 0.28 | S94: =ROUND(Q94*F94*R94,2) -> 72.8 | T94: =IF(M94="Paid",S94-J94,"") -> -8.33 | U94: =IF(M94<>"Paid","",IF(T94>S94*0.05,"Underpaid","OK")) -> OK | V94: =_xlfn.XLOOKUP(C94,Payers!$A$2:$A$9,Payers!$B$2:$B$9) -> Coastal Medicaid MCO | W94: =TEXT(G94,"yyyy-mm") -> 2026-05
A95: CLM100097 | B95: PT13230 | C95: P06 | D95: C02 | E95: 99213 | F95: 1 | G95: 46214 | H95: 46215 | I95: 142.45 | J95: 36.41 | K95: 36.41 | L95: 0 | M95: Paid | O95: 46258 | P95: 46258 | Q95: =_xlfn.XLOOKUP(E95,CPT!$A$2:$A$13,CPT!$D$2:$D$13) -> 145 | R95: =_xlfn.XLOOKUP(C95,Contract!$A$2:$A$9,Contract!$B$2:$B$9) -> 0.27 | S95: =ROUND(Q95*F95*R95,2) -> 39.15 | T95: =IF(M95="Paid",S95-J95,"") -> 2.74 | U95: =IF(M95<>"Paid","",IF(T95>S95*0.05,"Underpaid","OK")) -> Underpaid | V95: =_xlfn.XLOOKUP(C95,Payers!$A$2:$A$9,Payers!$B$2:$B$9) -> Florida Medicaid | W95: =TEXT(G95,"yyyy-mm") -> 2026-07
A96: CLM100098 | B96: PT10064 | C96: P02 | D96: C04 | E96: 97110 | F96: 1 | G96: 46005 | H96: 46012 | I96: 62.15 | J96: 23.53 | K96: 21.18 | L96: 2.35 | M96: Paid | O96: 46033 | P96: 46033 | Q96: =_xlfn.XLOOKUP(E96,CPT!$A$2:$A$13,CPT!$D$2:$D$13) -> 62 | R96: =_xlfn.XLOOKUP(C96,Contract!$A$2:$A$9,Contract!$B$2:$B$9) -> 0.43 | S96: =ROUND(Q96*F96*R96,2) -> 26.66 | T96: =IF(M96="Paid",S96-J96,"") -> 3.13 | U96: =IF(M96<>"Paid","",IF(T96>S96*0.05,"Underpaid","OK")) -> Underpaid | V96: =_xlfn.XLOOKUP(C96,Payers!$A$2:$A$9,Payers!$B$2:$B$9) -> Summit Health Commercial | W96: =TEXT(G96,"yyyy-mm") -> 2025-12
A97: CLM100099 | B97: PT11851 | C97: P01 | D97: C01 | E97: 99204 | F97: 1 | G97: 46146 | H97: 46152 | I97: 260.41 | J97: 127.32 | K97: 127.32 | L97: 0 | M97: Paid | O97: 46191 | P97: 46191 | Q97: =_xlfn.XLOOKUP(E97,CPT!$A$2:$A$13,CPT!$D$2:$D$13) -> 260 | R97: =_xlfn.XLOOKUP(C97,Contract!$A$2:$A$9,Contract!$B$2:$B$9) -> 0.45 | S97: =ROUND(Q97*F97*R97,2) -> 117 | T97: =IF(M97="Paid",S97-J97,"") -> -10.32 | U97: =IF(M97<>"Paid","",IF(T97>S97*0.05,"Underpaid","OK")) -> OK | V97: =_xlfn.XLOOKUP(C97,Payers!$A$2:$A$9,Payers!$B$2:$B$9) -> Blue Horizon Commercial | W97: =TEXT(G97,"yyyy-mm") -> 2026-05
A98: CLM100100 | B98: PT12810 | C98: P05 | D98: C02 | E98: 99213 | F98: 1 | G98: 46268 | H98: 46271 | I98: 145.19 | M98: Pending | Q98: =_xlfn.XLOOKUP(E98,CPT!$A$2:$A$13,CPT!$D$2:$D$13) -> 145 | R98: =_xlfn.XLOOKUP(C98,Contract!$A$2:$A$9,Contract!$B$2:$B$9) -> 0.38 | S98: =ROUND(Q98*F98*R98,2) -> 55.1 | T98: =IF(M98="Paid",S98-J98,"") | U98: =IF(M98<>"Paid","",IF(T98>S98*0.05,"Underpaid","OK")) | V98: =_xlfn.XLOOKUP(C98,Payers!$A$2:$A$9,Payers!$B$2:$B$9) -> Sunshine Medicare Advantage | W98: =TEXT(G98,"yyyy-mm") -> 2026-09
A99: CLM100101 | B99: PT12397 | C99: P07 | D99: C01 | E99: J0702 | F99: 1 | G99: 45968 | H99: 45970 | I99: 38.91 | M99: Denied | N99: CO-16 | O99: 46033 | Q99: =_xlfn.XLOOKUP(E99,CPT!$A$2:$A$13,CPT!$D$2:$D$13) -> 38 | R99: =_xlfn.XLOOKUP(C99,Contract!$A$2:$A$9,Contract!$B$2:$B$9) -> 0.28 | S99: =ROUND(Q99*F99*R99,2) -> 10.64 | T99: =IF(M99="Paid",S99-J99,"") | U99: =IF(M99<>"Paid","",IF(T99>S99*0.05,"Underpaid","OK")) | V99: =_xlfn.XLOOKUP(C99,Payers!$A$2:$A$9,Payers!$B$2:$B$9) -> Coastal Medicaid MCO | W99: =TEXT(G99,"yyyy-mm") -> 2025-11
A100: CLM100102 | B100: PT11761 | C100: P03 | D100: C02 | E100: J0702 | F100: 1 | G100: 46151 | H100: 46156 | I100: 37.09 | J100: 18.35 | K100: 18.35 | L100: 0 | M100: Paid | O100: 46203 | P100: 46203 | Q100: =_xlfn.XLOOKUP(E100,CPT!$A$2:$A$13,CPT!$D$2:$D$13) -> 38 | R100: =_xlfn.XLOOKUP(C100,Contract!$A$2:$A$9,Contract!$B$2:$B$9) -> 0.47 | S100: =ROUND(Q100*F100*R100,2) -> 17.86 | T100: =IF(M100="Paid",S100-J100,"") -> -0.49 | U100: =IF(M100<>"Paid","",IF(T100>S100*0.05,"Underpaid","OK")) -> OK | V100: =_xlfn.XLOOKUP(C100,Payers!$A$2:$A$9,Payers!$B$2:$B$9) -> Keystone Commercial PPO | W100: =TEXT(G100,"yyyy-mm") -> 2026-05
...

Sheet Checks
A1: Check | B1: Result | C1: Expected | D1: Match?
A2: Claims rows | B2: =ROWS(tblClaims[]) -> 6094 | C2: 6094 | D2: =ROUND(B2,2)=ROUND(C2,2) -> TRUE
A3: Payers rows | B3: =ROWS(tblPayers[]) -> 8 | C3: 8 | D3: =ROUND(B3,2)=ROUND(C3,2) -> TRUE
A4: CPT rows | B4: =ROWS(tblCPT[]) -> 12 | C4: 12 | D4: =ROUND(B4,2)=ROUND(C4,2) -> TRUE
A5: Contract rows | B5: =ROWS(tblContract[]) -> 8 | C5: 8 | D5: =ROUND(B5,2)=ROUND(C5,2) -> TRUE
A6: Unique claim_id | B6: =COUNTA(_xlfn.UNIQUE(tblClaims[claim_id])) -> 6094 | C6: 6094 | D6: =ROUND(B6,2)=ROUND(C6,2) -> TRUE
A7: Paid claims | B7: =COUNTIFS(tblClaims[claim_status],"Paid") -> 4321 | C7: 4321 | D7: =ROUND(B7,2)=ROUND(C7,2) -> TRUE
A8: Denied claims | B8: =COUNTIFS(tblClaims[claim_status],"Denied") -> 1037 | C8: 1037 | D8: =ROUND(B8,2)=ROUND(C8,2) -> TRUE
A9: Pending claims | B9: =COUNTIFS(tblClaims[claim_status],"Pending") -> 736 | C9: 736 | D9: =ROUND(B9,2)=ROUND(C9,2) -> TRUE
A10: Blank paid_amount | B10: =COUNTBLANK(tblClaims[paid_amount]) -> 1773 | C10: 1773 | D10: =ROUND(B10,2)=ROUND(C10,2) -> TRUE
A11: Total billed | B11: =SUM(tblClaims[billed_amount]) -> 10945471 | C11: 10945471 | D11: =ROUND(B11,2)=ROUND(C11,2) -> TRUE
A12: Total allowed | B12: =SUM(tblClaims[allowed_amount]) -> 2966855.9 | C12: 2966855.9 | D12: =ROUND(B12,2)=ROUND(C12,2) -> TRUE
A13: Total paid | B13: =SUM(tblClaims[paid_amount]) -> 2722001.7 | C13: =SUM(tblClaims[paid_amount]) -> 2722001.7 | D13: =ROUND(B13,2)=ROUND(C13,2) -> TRUE
A14: Total expected | B14: =SUM(Claims!S:S) -> 4454871.4 | C14: 4454871.4 | D14: =ROUND(B14,2)=ROUND(C14,2) -> TRUE
A15: Total variance | B15: =SUM(Claims!T:T) -> 1396.86 | C15: 1396.86 | D15: =ROUND(B15,2)=ROUND(C15,2) -> TRUE
A16: underpaid count | B16: =COUNTIF(Claims!U:U,"Underpaid") -> 1459 | C16: 1459 | D16: =ROUND(B16,2)=ROUND(C16,2) -> TRUE
A17: Underpaid $ | B17: =SUMIF(Claims!U:U,"Underpaid",Claims!T:T) -> 107894.87 | C17: 107894.87 | D17: =ROUND(B17,2)=ROUND(C17,2) -> TRUE
